[27Aug2025 00:00:43.601] [main/INFO] [cpw.mods.modlauncher.Launcher/MODLAUNCHER]: ModLauncher running: args [--launchTarget, forgeserver, --fml.forgeVersion, 47.4.5, --fml.mcVersion, 1.20.1, --fml.forgeGroup, net.minecraftforge, --fml.mcpVersion, 20230612.114412, %*]
[27Aug2025 00:00:43.616] [main/INFO] [cpw.mods.modlauncher.Launcher/MODLAUNCHER]: ModLauncher 10.0.9+10.0.9+main.dcd20f30 starting: java version 24.0.2 by Ubuntu; OS Linux arch amd64 version 6.14.0-1012-gcp
[27Aug2025 00:00:43.670] [main/DEBUG] [cpw.mods.modlauncher.LaunchServiceHandler/MODLAUNCHER]: Found launch services [fmlclientdev,forgeclient,minecraft,forgegametestserverdev,fmlserveruserdev,fmlclient,fmldatauserdev,forgeserverdev,forgeserveruserdev,forgeclientdev,forgeclientuserdev,forgeserver,forgedatadev,fmlserver,fmlclientuserdev,fmlserverdev,forgedatauserdev,testharness,forgegametestserveruserdev]
[27Aug2025 00:00:43.696] [main/DEBUG] [cpw.mods.modlauncher.NameMappingServiceHandler/MODLAUNCHER]: Found naming services : [srgtomcp]
[27Aug2025 00:00:43.745] [main/DEBUG] [cpw.mods.modlauncher.LaunchPluginHandler/MODLAUNCHER]: Found launch plugins: [mixin,eventbus,slf4jfixer,object_holder_definalize,runtime_enum_extender,capability_token_subclass,accesstransformer,runtimedistcleaner]
[27Aug2025 00:00:43.776] [main/DEBUG] [cpw.mods.modlauncher.TransformationServicesHandler/MODLAUNCHER]: Discovering transformation services
[27Aug2025 00:00:43.790] [main/DEBUG] [net.minecraftforge.fml.loading.FMLPaths/CORE]: Path GAMEDIR is /root/minecraft-1.20.1
[27Aug2025 00:00:43.790] [main/DEBUG] [net.minecraftforge.fml.loading.FMLPaths/CORE]: Path MODSDIR is /root/minecraft-1.20.1/mods
[27Aug2025 00:00:43.791] [main/DEBUG] [net.minecraftforge.fml.loading.FMLPaths/CORE]: Path CONFIGDIR is /root/minecraft-1.20.1/config
[27Aug2025 00:00:43.791] [main/DEBUG] [net.minecraftforge.fml.loading.FMLPaths/CORE]: Path FMLCONFIG is /root/minecraft-1.20.1/config/fml.toml
[27Aug2025 00:00:44.261] [main/DEBUG] [cpw.mods.modlauncher.TransformationServicesHandler/MODLAUNCHER]: Found additional transformation services from discovery services: 
[27Aug2025 00:00:44.273] [main/INFO] [net.minecraftforge.fml.loading.ImmediateWindowHandler/]: ImmediateWindowProvider not loading because launch target is forgeserver
[27Aug2025 00:00:44.293] [main/DEBUG] [cpw.mods.modlauncher.TransformationServicesHandler/MODLAUNCHER]: Found transformer services : [mixin,fml]
[27Aug2025 00:00:44.294] [main/DEBUG] [cpw.mods.modlauncher.TransformationServicesHandler/MODLAUNCHER]: Transformation services loading
[27Aug2025 00:00:44.295] [main/DEBUG] [cpw.mods.modlauncher.TransformationServiceDecorator/MODLAUNCHER]: Loading service mixin
[27Aug2025 00:00:44.296] [main/DEBUG] [cpw.mods.modlauncher.TransformationServiceDecorator/MODLAUNCHER]: Loaded service mixin
[27Aug2025 00:00:44.297] [main/DEBUG] [cpw.mods.modlauncher.TransformationServiceDecorator/MODLAUNCHER]: Loading service fml
[27Aug2025 00:00:44.299] [main/DEBUG] [net.minecraftforge.fml.loading.LauncherVersion/CORE]: Found FMLLauncher version 1.0
[27Aug2025 00:00:44.299] [main/DEBUG] [net.minecraftforge.fml.loading.FMLLoader/CORE]: FML 1.0 loading
[27Aug2025 00:00:44.299] [main/DEBUG] [net.minecraftforge.fml.loading.FMLLoader/CORE]: FML found ModLauncher version : 10.0.9+10.0.9+main.dcd20f30
[27Aug2025 00:00:44.299] [main/DEBUG] [net.minecraftforge.fml.loading.FMLLoader/CORE]: Requesting CoreMods to not apply the fix for ASMAPI.findFirstInstructionBefore by default
[27Aug2025 00:00:44.301] [main/DEBUG] [net.minecraftforge.fml.loading.FMLLoader/CORE]: FML found AccessTransformer version : 8.0.4+66+master.c09db6d7
[27Aug2025 00:00:44.301] [main/DEBUG] [net.minecraftforge.fml.loading.FMLLoader/CORE]: FML found EventBus version : 6.0.5+6.0.5+master.eb8e549b
[27Aug2025 00:00:44.303] [main/DEBUG] [net.minecraftforge.fml.loading.FMLLoader/CORE]: Found Runtime Dist Cleaner
[27Aug2025 00:00:44.307] [main/DEBUG] [net.minecraftforge.coremod.CoreModEngine/]: CoreMods will preserve legacy behavior of ASMAPI.findFirstInstructionBefore for backwards-compatibility
[27Aug2025 00:00:44.307] [main/DEBUG] [net.minecraftforge.fml.loading.FMLLoader/CORE]: FML found CoreMod version : 5.2.4
[27Aug2025 00:00:44.308] [main/DEBUG] [net.minecraftforge.fml.loading.FMLLoader/CORE]: Found ForgeSPI package implementation version 7.0.1+7.0.1+master.d2b38bf6
[27Aug2025 00:00:44.308] [main/DEBUG] [net.minecraftforge.fml.loading.FMLLoader/CORE]: Found ForgeSPI package specification 5
[27Aug2025 00:00:44.309] [main/DEBUG] [cpw.mods.modlauncher.TransformationServiceDecorator/MODLAUNCHER]: Loaded service fml
[27Aug2025 00:00:44.311] [main/DEBUG] [cpw.mods.modlauncher.TransformationServicesHandler/MODLAUNCHER]: Configuring option handling for services
[27Aug2025 00:00:44.330] [main/DEBUG] [cpw.mods.modlauncher.TransformationServicesHandler/MODLAUNCHER]: Transformation services initializing
[27Aug2025 00:00:44.331] [main/DEBUG] [cpw.mods.modlauncher.TransformationServiceDecorator/MODLAUNCHER]: Initializing transformation service mixin
[27Aug2025 00:00:44.365] [main/DEBUG] [mixin/]: MixinService [ModLauncher] was successfully booted in cpw.mods.cl.ModuleClassLoader@491cc5c9
[27Aug2025 00:00:44.412] [main/INFO] [mixin/]: SpongePowered MIXIN Subsystem Version=0.8.5 Source=union:/root/minecraft-1.20.1/libraries/org/spongepowered/mixin/0.8.5/mixin-0.8.5.jar%2365!/ Service=ModLauncher Env=SERVER
[27Aug2025 00:00:44.420] [main/DEBUG] [mixin/]: Initialising Mixin Platform Manager
[27Aug2025 00:00:44.420] [main/DEBUG] [mixin/]: Adding mixin platform agents for container ModLauncher Root Container(ModLauncher:4f56a0a2)
[27Aug2025 00:00:44.422] [main/DEBUG] [mixin/]: Instancing new MixinPlatformAgentMinecraftForge for ModLauncher Root Container(ModLauncher:4f56a0a2)
[27Aug2025 00:00:44.423] [main/DEBUG] [mixin/]: MixinPlatformAgentMinecraftForge rejected container ModLauncher Root Container(ModLauncher:4f56a0a2)
[27Aug2025 00:00:44.425] [main/DEBUG] [mixin/]: Instancing new MixinPlatformAgentDefault for ModLauncher Root Container(ModLauncher:4f56a0a2)
[27Aug2025 00:00:44.425] [main/DEBUG] [mixin/]: MixinPlatformAgentDefault accepted container ModLauncher Root Container(ModLauncher:4f56a0a2)
[27Aug2025 00:00:44.431] [main/DEBUG] [cpw.mods.modlauncher.TransformationServiceDecorator/MODLAUNCHER]: Initialized transformation service mixin
[27Aug2025 00:00:44.431] [main/DEBUG] [cpw.mods.modlauncher.TransformationServiceDecorator/MODLAUNCHER]: Initializing transformation service fml
[27Aug2025 00:00:44.431] [main/DEBUG] [net.minecraftforge.fml.loading.FMLServiceProvider/CORE]: Setting up basic FML game directories
[27Aug2025 00:00:44.433] [main/DEBUG] [net.minecraftforge.fml.loading.FMLPaths/CORE]: Path GAMEDIR is /root/minecraft-1.20.1
[27Aug2025 00:00:44.433] [main/DEBUG] [net.minecraftforge.fml.loading.FMLPaths/CORE]: Path MODSDIR is /root/minecraft-1.20.1/mods
[27Aug2025 00:00:44.433] [main/DEBUG] [net.minecraftforge.fml.loading.FMLPaths/CORE]: Path CONFIGDIR is /root/minecraft-1.20.1/config
[27Aug2025 00:00:44.434] [main/DEBUG] [net.minecraftforge.fml.loading.FMLPaths/CORE]: Path FMLCONFIG is /root/minecraft-1.20.1/config/fml.toml
[27Aug2025 00:00:44.435] [main/DEBUG] [net.minecraftforge.fml.loading.FMLServiceProvider/CORE]: Loading configuration
[27Aug2025 00:00:44.441] [main/DEBUG] [net.minecraftforge.fml.loading.FMLServiceProvider/CORE]: Preparing ModFile
[27Aug2025 00:00:44.448] [main/DEBUG] [net.minecraftforge.fml.loading.FMLServiceProvider/CORE]: Preparing launch handler
[27Aug2025 00:00:44.449] [main/DEBUG] [net.minecraftforge.fml.loading.FMLLoader/CORE]: Using forgeserver as launch service
[27Aug2025 00:00:44.477] [main/DEBUG] [net.minecraftforge.fml.loading.FMLLoader/CORE]: Received command line version data  : VersionInfo[forgeVersion=47.4.5, mcVersion=1.20.1, mcpVersion=20230612.114412, forgeGroup=net.minecraftforge]
[27Aug2025 00:00:44.481] [main/DEBUG] [cpw.mods.modlauncher.TransformationServiceDecorator/MODLAUNCHER]: Initialized transformation service fml
[27Aug2025 00:00:44.482] [main/DEBUG] [cpw.mods.modlauncher.NameMappingServiceHandler/MODLAUNCHER]: Current naming domain is 'srg'
[27Aug2025 00:00:44.483] [main/DEBUG] [cpw.mods.modlauncher.NameMappingServiceHandler/MODLAUNCHER]: Identified name mapping providers {}
[27Aug2025 00:00:44.484] [main/DEBUG] [cpw.mods.modlauncher.TransformationServicesHandler/MODLAUNCHER]: Transformation services begin scanning
[27Aug2025 00:00:44.486] [main/DEBUG] [cpw.mods.modlauncher.TransformationServiceDecorator/MODLAUNCHER]: Beginning scan trigger - transformation service mixin
[27Aug2025 00:00:44.487] [main/DEBUG] [cpw.mods.modlauncher.TransformationServiceDecorator/MODLAUNCHER]: End scan trigger - transformation service mixin
[27Aug2025 00:00:44.488] [main/DEBUG] [cpw.mods.modlauncher.TransformationServiceDecorator/MODLAUNCHER]: Beginning scan trigger - transformation service fml
[27Aug2025 00:00:44.488] [main/DEBUG] [net.minecraftforge.fml.loading.FMLServiceProvider/CORE]: Initiating mod scan
[27Aug2025 00:00:44.517] [main/DEBUG] [net.minecraftforge.fml.loading.moddiscovery.ModListHandler/CORE]: Found mod coordinates from lists: []
[27Aug2025 00:00:44.524] [main/DEBUG] [net.minecraftforge.fml.loading.moddiscovery.ModDiscoverer/CORE]: Found Mod Locators : (mods folder:null),(maven libs:null),(exploded directory:null),(minecraft:null),(userdev classpath:null)
[27Aug2025 00:00:44.526] [main/DEBUG] [net.minecraftforge.fml.loading.moddiscovery.ModDiscoverer/CORE]: Found Dependency Locators : (JarInJar:null)
[27Aug2025 00:00:44.543] [main/DEBUG] [net.minecraftforge.fml.loading.moddiscovery.ModFileParser/LOADING]: Considering mod file candidate /root/minecraft-1.20.1/mods/carryon-forge-1.20.1-2.1.2.7.jar
[27Aug2025 00:00:44.644] [main/DEBUG] [net.minecraftforge.fml.loading.moddiscovery.ModFileInfo/LOADING]: Found valid mod file carryon-forge-1.20.1-2.1.2.7.jar with {carryon} mods - versions {2.1.2.7}
[27Aug2025 00:00:44.647] [main/DEBUG] [net.minecraftforge.fml.loading.moddiscovery.ModFileParser/LOADING]: Considering mod file candidate /root/minecraft-1.20.1/mods/cloth-config-11.1.136-forge.jar
[27Aug2025 00:00:44.650] [main/DEBUG] [net.minecraftforge.fml.loading.moddiscovery.ModFileInfo/LOADING]: Found valid mod file cloth-config-11.1.136-forge.jar with {cloth_config} mods - versions {11.1.136}
[27Aug2025 00:00:44.652] [main/DEBUG] [net.minecraftforge.fml.loading.moddiscovery.ModFileParser/LOADING]: Considering mod file candidate /root/minecraft-1.20.1/mods/collective-1.20.1-8.3.jar
[27Aug2025 00:00:44.656] [main/DEBUG] [net.minecraftforge.fml.loading.moddiscovery.ModFileInfo/LOADING]: Found valid mod file collective-1.20.1-8.3.jar with {collective} mods - versions {8.3}
[27Aug2025 00:00:44.659] [main/DEBUG] [net.minecraftforge.fml.loading.moddiscovery.ModFileParser/LOADING]: Considering mod file candidate /root/minecraft-1.20.1/mods/dynamiclights-v1.8.6-mc1.17-1.21.5-mod.jar
[27Aug2025 00:00:44.666] [main/DEBUG] [net.minecraftforge.fml.loading.moddiscovery.ModFileInfo/LOADING]: Found valid mod file dynamiclights-v1.8.6-mc1.17-1.21.5-mod.jar with {dynamiclights} mods - versions {1.8.6+mod}
[27Aug2025 00:00:44.677] [main/DEBUG] [net.minecraftforge.fml.loading.moddiscovery.ModFileParser/LOADING]: Considering mod file candidate /root/minecraft-1.20.1/mods/FallingTree-1.20.1-4.3.4.jar
[27Aug2025 00:00:44.683] [main/DEBUG] [net.minecraftforge.fml.loading.moddiscovery.ModFileInfo/LOADING]: Found valid mod file FallingTree-1.20.1-4.3.4.jar with {fallingtree} mods - versions {4.3.4}
[27Aug2025 00:00:44.686] [main/DEBUG] [net.minecraftforge.fml.loading.moddiscovery.ModFileParser/LOADING]: Considering mod file candidate /root/minecraft-1.20.1/mods/geckolib-forge-1.20.1-4.7.2.jar
[27Aug2025 00:00:44.690] [main/DEBUG] [net.minecraftforge.fml.loading.moddiscovery.ModFileInfo/LOADING]: Found valid mod file geckolib-forge-1.20.1-4.7.2.jar with {geckolib} mods - versions {4.7.2}
[27Aug2025 00:00:44.693] [main/DEBUG] [net.minecraftforge.fml.loading.moddiscovery.ModFileParser/LOADING]: Considering mod file candidate /root/minecraft-1.20.1/mods/infinitetrading-1.20.1-4.6.jar
[27Aug2025 00:00:44.697] [main/DEBUG] [net.minecraftforge.fml.loading.moddiscovery.ModFileInfo/LOADING]: Found valid mod file infinitetrading-1.20.1-4.6.jar with {infinitetrading} mods - versions {4.6}
[27Aug2025 00:00:44.701] [main/DEBUG] [net.minecraftforge.fml.loading.moddiscovery.ModFileParser/LOADING]: Considering mod file candidate /root/minecraft-1.20.1/mods/jei-1.20.1-forge-15.20.0.112.jar
[27Aug2025 00:00:44.707] [main/DEBUG] [net.minecraftforge.fml.loading.moddiscovery.ModFileInfo/LOADING]: Found valid mod file jei-1.20.1-forge-15.20.0.112.jar with {jei} mods - versions {15.20.0.112}
[27Aug2025 00:00:44.714] [main/DEBUG] [net.minecraftforge.fml.loading.moddiscovery.ModFileParser/LOADING]: Considering mod file candidate /root/minecraft-1.20.1/mods/journeymap-1.20.1-5.10.3-forge.jar
[27Aug2025 00:00:44.718] [main/DEBUG] [net.minecraftforge.fml.loading.moddiscovery.ModFileInfo/LOADING]: Found valid mod file journeymap-1.20.1-5.10.3-forge.jar with {journeymap} mods - versions {5.10.3}
[27Aug2025 00:00:44.719] [main/DEBUG] [net.minecraftforge.fml.loading.moddiscovery.ModFileParser/LOADING]: Considering mod file candidate /root/minecraft-1.20.1/mods/notenoughexperience-1.20.1-2.0.0.jar
[27Aug2025 00:00:44.725] [main/DEBUG] [net.minecraftforge.fml.loading.moddiscovery.ModFileInfo/LOADING]: Found valid mod file notenoughexperience-1.20.1-2.0.0.jar with {notenoughexperience} mods - versions {2.0.0}
[27Aug2025 00:00:44.728] [main/DEBUG] [net.minecraftforge.fml.loading.moddiscovery.ModFileParser/LOADING]: Considering mod file candidate /root/minecraft-1.20.1/mods/sound-physics-remastered-forge-1.20.1-1.4.15.jar
[27Aug2025 00:00:44.734] [main/DEBUG] [net.minecraftforge.fml.loading.moddiscovery.ModFileInfo/LOADING]: Found valid mod file sound-physics-remastered-forge-1.20.1-1.4.15.jar with {sound_physics_remastered} mods - versions {1.20.1-1.4.15}
[27Aug2025 00:00:44.742] [main/DEBUG] [net.minecraftforge.fml.loading.moddiscovery.ModFileParser/LOADING]: Considering mod file candidate /root/minecraft-1.20.1/mods/tacz-1.20.1-1.1.6-hotfix.jar
[27Aug2025 00:00:44.744] [main/DEBUG] [net.minecraftforge.fml.loading.moddiscovery.ModFileInfo/LOADING]: Found valid mod file tacz-1.20.1-1.1.6-hotfix.jar with {tacz} mods - versions {1.1.6-hotfix}
[27Aug2025 00:00:44.749] [main/DEBUG] [net.minecraftforge.fml.loading.moddiscovery.ModFileParser/LOADING]: Considering mod file candidate /root/minecraft-1.20.1/mods/trade-cycling-forge-1.20.1-1.0.18.jar
[27Aug2025 00:00:44.752] [main/DEBUG] [net.minecraftforge.fml.loading.moddiscovery.ModFileInfo/LOADING]: Found valid mod file trade-cycling-forge-1.20.1-1.0.18.jar with {trade_cycling} mods - versions {1.20.1-1.0.18}
[27Aug2025 00:00:44.770] [main/DEBUG] [net.minecraftforge.fml.loading.moddiscovery.ModFileParser/LOADING]: Considering mod file candidate /root/minecraft-1.20.1/mods/twilightforest-1.20.1-4.3.2508-universal.jar
[27Aug2025 00:00:44.773] [main/DEBUG] [net.minecraftforge.fml.loading.moddiscovery.ModFileInfo/LOADING]: Found valid mod file twilightforest-1.20.1-4.3.2508-universal.jar with {twilightforest} mods - versions {4.3.2508}
[27Aug2025 00:00:45.108] [main/DEBUG] [net.minecraftforge.fml.loading.moddiscovery.ModFileInfo/LOADING]: Found valid mod file server-1.20.1-20230612.114412-srg.jar with {minecraft} mods - versions {1.20.1}
[27Aug2025 00:00:45.115] [main/DEBUG] [net.minecraftforge.fml.loading.moddiscovery.ModFileParser/LOADING]: Considering mod file candidate /root/minecraft-1.20.1/libraries/net/minecraftforge/fmlcore/1.20.1-47.4.5/fmlcore-1.20.1-47.4.5.jar
[27Aug2025 00:00:45.115] [main/WARN] [net.minecraftforge.fml.loading.moddiscovery.ModFileParser/LOADING]: Mod file /root/minecraft-1.20.1/libraries/net/minecraftforge/fmlcore/1.20.1-47.4.5/fmlcore-1.20.1-47.4.5.jar is missing mods.toml file
[27Aug2025 00:00:45.120] [main/DEBUG] [net.minecraftforge.fml.loading.moddiscovery.ModFileParser/LOADING]: Considering mod file candidate /root/minecraft-1.20.1/libraries/net/minecraftforge/javafmllanguage/1.20.1-47.4.5/javafmllanguage-1.20.1-47.4.5.jar
[27Aug2025 00:00:45.121] [main/WARN] [net.minecraftforge.fml.loading.moddiscovery.ModFileParser/LOADING]: Mod file /root/minecraft-1.20.1/libraries/net/minecraftforge/javafmllanguage/1.20.1-47.4.5/javafmllanguage-1.20.1-47.4.5.jar is missing mods.toml file
[27Aug2025 00:00:45.124] [main/DEBUG] [net.minecraftforge.fml.loading.moddiscovery.ModFileParser/LOADING]: Considering mod file candidate /root/minecraft-1.20.1/libraries/net/minecraftforge/lowcodelanguage/1.20.1-47.4.5/lowcodelanguage-1.20.1-47.4.5.jar
[27Aug2025 00:00:45.125] [main/WARN] [net.minecraftforge.fml.loading.moddiscovery.ModFileParser/LOADING]: Mod file /root/minecraft-1.20.1/libraries/net/minecraftforge/lowcodelanguage/1.20.1-47.4.5/lowcodelanguage-1.20.1-47.4.5.jar is missing mods.toml file
[27Aug2025 00:00:45.129] [main/DEBUG] [net.minecraftforge.fml.loading.moddiscovery.ModFileParser/LOADING]: Considering mod file candidate /root/minecraft-1.20.1/libraries/net/minecraftforge/mclanguage/1.20.1-47.4.5/mclanguage-1.20.1-47.4.5.jar
[27Aug2025 00:00:45.129] [main/WARN] [net.minecraftforge.fml.loading.moddiscovery.ModFileParser/LOADING]: Mod file /root/minecraft-1.20.1/libraries/net/minecraftforge/mclanguage/1.20.1-47.4.5/mclanguage-1.20.1-47.4.5.jar is missing mods.toml file
[27Aug2025 00:00:45.263] [main/DEBUG] [net.minecraftforge.fml.loading.moddiscovery.ModFileParser/LOADING]: Considering mod file candidate /root/minecraft-1.20.1/libraries/net/minecraftforge/forge/1.20.1-47.4.5/forge-1.20.1-47.4.5-universal.jar
[27Aug2025 00:00:45.267] [main/DEBUG] [net.minecraftforge.fml.loading.moddiscovery.ModFileInfo/LOADING]: Found valid mod file forge-1.20.1-47.4.5-universal.jar with {forge} mods - versions {47.4.5}
[27Aug2025 00:00:45.295] [main/DEBUG] [net.minecraftforge.fml.loading.moddiscovery.AbstractJarFileDependencyLocator/]: Failed to load resource META-INF/jarjar/metadata.json from server-1.20.1-20230612.114412-srg.jar, it does not contain dependency information.
[27Aug2025 00:00:45.298] [main/DEBUG] [net.minecraftforge.fml.loading.moddiscovery.AbstractJarFileDependencyLocator/]: Failed to load resource META-INF/jarjar/metadata.json from trade-cycling-forge-1.20.1-1.0.18.jar, it does not contain dependency information.
[27Aug2025 00:00:45.298] [main/DEBUG] [net.minecraftforge.fml.loading.moddiscovery.AbstractJarFileDependencyLocator/]: Failed to load resource META-INF/jarjar/metadata.json from jei-1.20.1-forge-15.20.0.112.jar, it does not contain dependency information.
[27Aug2025 00:00:45.299] [main/DEBUG] [net.minecraftforge.fml.loading.moddiscovery.AbstractJarFileDependencyLocator/]: Failed to load resource META-INF/jarjar/metadata.json from FallingTree-1.20.1-4.3.4.jar, it does not contain dependency information.
[27Aug2025 00:00:45.300] [main/DEBUG] [net.minecraftforge.fml.loading.moddiscovery.AbstractJarFileDependencyLocator/]: Failed to load resource META-INF/jarjar/metadata.json from notenoughexperience-1.20.1-2.0.0.jar, it does not contain dependency information.
[27Aug2025 00:00:45.300] [main/DEBUG] [net.minecraftforge.fml.loading.moddiscovery.AbstractJarFileDependencyLocator/]: Failed to load resource META-INF/jarjar/metadata.json from dynamiclights-v1.8.6-mc1.17-1.21.5-mod.jar, it does not contain dependency information.
[27Aug2025 00:00:45.300] [main/DEBUG] [net.minecraftforge.fml.loading.moddiscovery.AbstractJarFileDependencyLocator/]: Failed to load resource META-INF/jarjar/metadata.json from cloth-config-11.1.136-forge.jar, it does not contain dependency information.
[27Aug2025 00:00:45.300] [main/DEBUG] [net.minecraftforge.fml.loading.moddiscovery.AbstractJarFileDependencyLocator/]: Failed to load resource META-INF/jarjar/metadata.json from forge-1.20.1-47.4.5-universal.jar, it does not contain dependency information.
[27Aug2025 00:00:45.301] [main/DEBUG] [net.minecraftforge.fml.loading.moddiscovery.AbstractJarFileDependencyLocator/]: Failed to load resource META-INF/jarjar/metadata.json from infinitetrading-1.20.1-4.6.jar, it does not contain dependency information.
[27Aug2025 00:00:45.301] [main/DEBUG] [net.minecraftforge.fml.loading.moddiscovery.AbstractJarFileDependencyLocator/]: Failed to load resource META-INF/jarjar/metadata.json from twilightforest-1.20.1-4.3.2508-universal.jar, it does not contain dependency information.
[27Aug2025 00:00:45.301] [main/DEBUG] [net.minecraftforge.fml.loading.moddiscovery.AbstractJarFileDependencyLocator/]: Failed to load resource META-INF/jarjar/metadata.json from sound-physics-remastered-forge-1.20.1-1.4.15.jar, it does not contain dependency information.
[27Aug2025 00:00:45.301] [main/DEBUG] [net.minecraftforge.fml.loading.moddiscovery.AbstractJarFileDependencyLocator/]: Failed to load resource META-INF/jarjar/metadata.json from collective-1.20.1-8.3.jar, it does not contain dependency information.
[27Aug2025 00:00:45.302] [main/DEBUG] [net.minecraftforge.fml.loading.moddiscovery.AbstractJarFileDependencyLocator/]: Failed to load resource META-INF/jarjar/metadata.json from journeymap-1.20.1-5.10.3-forge.jar, it does not contain dependency information.
[27Aug2025 00:00:45.302] [main/DEBUG] [net.minecraftforge.fml.loading.moddiscovery.AbstractJarFileDependencyLocator/]: Failed to load resource META-INF/jarjar/metadata.json from mclanguage-1.20.1-47.4.5.jar, it does not contain dependency information.
[27Aug2025 00:00:45.303] [main/DEBUG] [net.minecraftforge.fml.loading.moddiscovery.AbstractJarFileDependencyLocator/]: Failed to load resource META-INF/jarjar/metadata.json from javafmllanguage-1.20.1-47.4.5.jar, it does not contain dependency information.
[27Aug2025 00:00:45.304] [main/DEBUG] [net.minecraftforge.fml.loading.moddiscovery.AbstractJarFileDependencyLocator/]: Failed to load resource META-INF/jarjar/metadata.json from fmlcore-1.20.1-47.4.5.jar, it does not contain dependency information.
[27Aug2025 00:00:45.304] [main/DEBUG] [net.minecraftforge.fml.loading.moddiscovery.AbstractJarFileDependencyLocator/]: Failed to load resource META-INF/jarjar/metadata.json from lowcodelanguage-1.20.1-47.4.5.jar, it does not contain dependency information.
[27Aug2025 00:00:45.415] [main/DEBUG] [net.minecraftforge.fml.loading.moddiscovery.ModFileParser/LOADING]: Considering mod file candidate 
[27Aug2025 00:00:45.417] [main/DEBUG] [net.minecraftforge.fml.loading.moddiscovery.ModFileInfo/LOADING]: Found valid mod file mixinextras-forge-0.2.0-beta.6.jar with {mixinextras} mods - versions {0.2.0-beta.6}
[27Aug2025 00:00:45.742] [main/DEBUG] [net.minecraftforge.fml.loading.moddiscovery.ModFileParser/LOADING]: Considering mod file candidate 
[27Aug2025 00:00:45.743] [main/DEBUG] [net.minecraftforge.fml.loading.moddiscovery.ModFileInfo/LOADING]: Found valid mod file mixinextras-forge-0.3.6.jar with {mixinextras} mods - versions {0.3.6}
[27Aug2025 00:00:45.766] [main/DEBUG] [net.minecraftforge.fml.loading.moddiscovery.AbstractJarFileDependencyLocator/]: Failed to load resource META-INF/jarjar/metadata.json from commons-math3-3.6.1.jar, it does not contain dependency information.
[27Aug2025 00:00:45.767] [main/DEBUG] [net.minecraftforge.fml.loading.moddiscovery.AbstractJarFileDependencyLocator/]: Failed to load resource META-INF/jarjar/metadata.json from luaj-core-3.0.8-figura.jar, it does not contain dependency information.
[27Aug2025 00:00:45.768] [main/DEBUG] [net.minecraftforge.fml.loading.moddiscovery.AbstractJarFileDependencyLocator/]: Failed to load resource META-INF/jarjar/metadata.json from luaj-jse-3.0.8-figura.jar, it does not contain dependency information.
[27Aug2025 00:00:45.769] [main/DEBUG] [net.minecraftforge.fml.loading.moddiscovery.AbstractJarFileDependencyLocator/]: Failed to load resource META-INF/jarjar/metadata.json from bcel-6.6.1.jar, it does not contain dependency information.
[27Aug2025 00:00:45.782] [main/DEBUG] [net.minecraftforge.fml.loading.moddiscovery.AbstractJarFileDependencyLocator/]: Failed to load resource META-INF/jarjar/metadata.json from mclib-20.jar, it does not contain dependency information.
[27Aug2025 00:00:45.783] [main/DEBUG] [net.minecraftforge.fml.loading.moddiscovery.AbstractJarFileDependencyLocator/]: Failed to load resource META-INF/jarjar/metadata.json from MixinExtras-0.2.0-beta.6.jar, it does not contain dependency information.
[27Aug2025 00:00:45.783] [main/DEBUG] [net.minecraftforge.fml.loading.moddiscovery.AbstractJarFileDependencyLocator/]: Failed to load resource META-INF/jarjar/metadata.json from MixinExtras-0.3.6.jar, it does not contain dependency information.
[27Aug2025 00:00:45.860] [main/DEBUG] [net.minecraftforge.fml.loading.moddiscovery.ModFileParser/LOADING]: Considering mod file candidate 
[27Aug2025 00:00:45.862] [main/DEBUG] [net.minecraftforge.fml.loading.moddiscovery.ModFileInfo/LOADING]: Found valid mod file mixinextras-forge-0.3.6.jar with {mixinextras} mods - versions {0.3.6}
[27Aug2025 00:00:45.984] [main/DEBUG] [net.minecraftforge.fml.loading.moddiscovery.ModFileParser/LOADING]: Considering mod file candidate 
[27Aug2025 00:00:45.985] [main/DEBUG] [net.minecraftforge.fml.loading.moddiscovery.ModFileInfo/LOADING]: Found valid mod file mixinextras-forge-0.2.0-beta.6.jar with {mixinextras} mods - versions {0.2.0-beta.6}
[27Aug2025 00:00:46.011] [main/WARN] [net.minecraftforge.jarjar.selection.JarSelector/]: Attempted to select two dependency jars from JarJar which have the same identification: Mod File:  and Mod File: . Using Mod File: 
[27Aug2025 00:00:46.015] [main/INFO] [net.minecraftforge.fml.loading.moddiscovery.JarInJarDependencyLocator/]: Found 7 dependencies adding them to mods collection
[27Aug2025 00:00:46.023] [main/DEBUG] [net.minecraftforge.fml.loading.moddiscovery.ModFileInfo/LOADING]: Found valid mod file server-1.20.1-20230612.114412-srg.jar with {minecraft} mods - versions {1.20.1}
[27Aug2025 00:00:46.026] [main/DEBUG] [net.minecraftforge.fml.loading.moddiscovery.ModFile/LOADING]: Loading mod file /root/minecraft-1.20.1/libraries/net/minecraft/server/1.20.1-20230612.114412/server-1.20.1-20230612.114412-srg.jar with languages [LanguageSpec[languageName=minecraft, acceptedVersions=1]]
[27Aug2025 00:00:46.029] [main/DEBUG] [net.minecraftforge.fml.loading.moddiscovery.ModFileParser/LOADING]: Considering mod file candidate /root/minecraft-1.20.1/mods/trade-cycling-forge-1.20.1-1.0.18.jar
[27Aug2025 00:00:46.031] [main/DEBUG] [net.minecraftforge.fml.loading.moddiscovery.ModFileInfo/LOADING]: Found valid mod file trade-cycling-forge-1.20.1-1.0.18.jar with {trade_cycling} mods - versions {1.20.1-1.0.18}
[27Aug2025 00:00:46.031] [main/DEBUG] [net.minecraftforge.fml.loading.moddiscovery.ModFile/LOADING]: Loading mod file /root/minecraft-1.20.1/mods/trade-cycling-forge-1.20.1-1.0.18.jar with languages [LanguageSpec[languageName=javafml, acceptedVersions=*]]
[27Aug2025 00:00:46.033] [main/DEBUG] [net.minecraftforge.fml.loading.moddiscovery.ModFileParser/LOADING]: Considering mod file candidate /root/minecraft-1.20.1/mods/geckolib-forge-1.20.1-4.7.2.jar
[27Aug2025 00:00:46.034] [main/DEBUG] [net.minecraftforge.fml.loading.moddiscovery.ModFileInfo/LOADING]: Found valid mod file geckolib-forge-1.20.1-4.7.2.jar with {geckolib} mods - versions {4.7.2}
[27Aug2025 00:00:46.036] [main/DEBUG] [net.minecraftforge.fml.loading.moddiscovery.ModFile/LOADING]: Loading mod file /root/minecraft-1.20.1/mods/geckolib-forge-1.20.1-4.7.2.jar with languages [LanguageSpec[languageName=javafml, acceptedVersions=[47,)]]
[27Aug2025 00:00:46.036] [main/DEBUG] [net.minecraftforge.fml.loading.moddiscovery.ModFileParser/LOADING]: Considering mod file candidate /root/minecraft-1.20.1/mods/jei-1.20.1-forge-15.20.0.112.jar
[27Aug2025 00:00:46.038] [main/DEBUG] [net.minecraftforge.fml.loading.moddiscovery.ModFileInfo/LOADING]: Found valid mod file jei-1.20.1-forge-15.20.0.112.jar with {jei} mods - versions {15.20.0.112}
[27Aug2025 00:00:46.041] [main/DEBUG] [net.minecraftforge.fml.loading.moddiscovery.ModFile/LOADING]: Loading mod file /root/minecraft-1.20.1/mods/jei-1.20.1-forge-15.20.0.112.jar with languages [LanguageSpec[languageName=javafml, acceptedVersions=[47,)]]
[27Aug2025 00:00:46.042] [main/DEBUG] [net.minecraftforge.fml.loading.moddiscovery.ModFileParser/LOADING]: Considering mod file candidate /root/minecraft-1.20.1/mods/carryon-forge-1.20.1-2.1.2.7.jar
[27Aug2025 00:00:46.045] [main/DEBUG] [net.minecraftforge.fml.loading.moddiscovery.ModFileInfo/LOADING]: Found valid mod file carryon-forge-1.20.1-2.1.2.7.jar with {carryon} mods - versions {2.1.2.7}
[27Aug2025 00:00:46.046] [main/DEBUG] [net.minecraftforge.fml.loading.moddiscovery.ModFile/LOADING]: Loading mod file /root/minecraft-1.20.1/mods/carryon-forge-1.20.1-2.1.2.7.jar with languages [LanguageSpec[languageName=javafml, acceptedVersions=[46,)]]
[27Aug2025 00:00:46.046] [main/DEBUG] [net.minecraftforge.fml.loading.moddiscovery.ModFileParser/LOADING]: Considering mod file candidate /root/minecraft-1.20.1/mods/tacz-1.20.1-1.1.6-hotfix.jar
[27Aug2025 00:00:46.049] [main/DEBUG] [net.minecraftforge.fml.loading.moddiscovery.ModFileInfo/LOADING]: Found valid mod file tacz-1.20.1-1.1.6-hotfix.jar with {tacz} mods - versions {1.1.6-hotfix}
[27Aug2025 00:00:46.050] [main/DEBUG] [net.minecraftforge.fml.loading.moddiscovery.ModFile/LOADING]: Loading mod file /root/minecraft-1.20.1/mods/tacz-1.20.1-1.1.6-hotfix.jar with languages [LanguageSpec[languageName=javafml, acceptedVersions=[46,)]]
[27Aug2025 00:00:46.050] [main/DEBUG] [net.minecraftforge.fml.loading.moddiscovery.ModFileParser/LOADING]: Considering mod file candidate /root/minecraft-1.20.1/mods/FallingTree-1.20.1-4.3.4.jar
[27Aug2025 00:00:46.053] [main/DEBUG] [net.minecraftforge.fml.loading.moddiscovery.ModFileInfo/LOADING]: Found valid mod file FallingTree-1.20.1-4.3.4.jar with {fallingtree} mods - versions {4.3.4}
[27Aug2025 00:00:46.054] [main/DEBUG] [net.minecraftforge.fml.loading.moddiscovery.ModFile/LOADING]: Loading mod file /root/minecraft-1.20.1/mods/FallingTree-1.20.1-4.3.4.jar with languages [LanguageSpec[languageName=javafml, acceptedVersions=[47,)]]
[27Aug2025 00:00:46.054] [main/DEBUG] [net.minecraftforge.fml.loading.moddiscovery.ModFileParser/LOADING]: Considering mod file candidate /root/minecraft-1.20.1/mods/cloth-config-11.1.136-forge.jar
[27Aug2025 00:00:46.056] [main/DEBUG] [net.minecraftforge.fml.loading.moddiscovery.ModFileInfo/LOADING]: Found valid mod file cloth-config-11.1.136-forge.jar with {cloth_config} mods - versions {11.1.136}
[27Aug2025 00:00:46.057] [main/DEBUG] [net.minecraftforge.fml.loading.moddiscovery.ModFile/LOADING]: Loading mod file /root/minecraft-1.20.1/mods/cloth-config-11.1.136-forge.jar with languages [LanguageSpec[languageName=javafml, acceptedVersions=[34,)]]
[27Aug2025 00:00:46.057] [main/DEBUG] [net.minecraftforge.fml.loading.moddiscovery.ModFileParser/LOADING]: Considering mod file candidate /root/minecraft-1.20.1/mods/dynamiclights-v1.8.6-mc1.17-1.21.5-mod.jar
[27Aug2025 00:00:46.060] [main/DEBUG] [net.minecraftforge.fml.loading.moddiscovery.ModFileInfo/LOADING]: Found valid mod file dynamiclights-v1.8.6-mc1.17-1.21.5-mod.jar with {dynamiclights} mods - versions {1.8.6+mod}
[27Aug2025 00:00:46.061] [main/DEBUG] [net.minecraftforge.fml.loading.moddiscovery.ModFile/LOADING]: Loading mod file /root/minecraft-1.20.1/mods/dynamiclights-v1.8.6-mc1.17-1.21.5-mod.jar with languages [LanguageSpec[languageName=javafml, acceptedVersions=[35,)]]
[27Aug2025 00:00:46.061] [main/DEBUG] [net.minecraftforge.fml.loading.moddiscovery.ModFileParser/LOADING]: Considering mod file candidate /root/minecraft-1.20.1/mods/notenoughexperience-1.20.1-2.0.0.jar
[27Aug2025 00:00:46.063] [main/DEBUG] [net.minecraftforge.fml.loading.moddiscovery.ModFileInfo/LOADING]: Found valid mod file notenoughexperience-1.20.1-2.0.0.jar with {notenoughexperience} mods - versions {2.0.0}
[27Aug2025 00:00:46.064] [main/DEBUG] [net.minecraftforge.fml.loading.moddiscovery.ModFile/LOADING]: Loading mod file /root/minecraft-1.20.1/mods/notenoughexperience-1.20.1-2.0.0.jar with languages [LanguageSpec[languageName=javafml, acceptedVersions=[47,)]]
[27Aug2025 00:00:46.064] [main/DEBUG] [net.minecraftforge.fml.loading.moddiscovery.ModFileParser/LOADING]: Considering mod file candidate /root/minecraft-1.20.1/mods/infinitetrading-1.20.1-4.6.jar
[27Aug2025 00:00:46.066] [main/DEBUG] [net.minecraftforge.fml.loading.moddiscovery.ModFileInfo/LOADING]: Found valid mod file infinitetrading-1.20.1-4.6.jar with {infinitetrading} mods - versions {4.6}
[27Aug2025 00:00:46.067] [main/DEBUG] [net.minecraftforge.fml.loading.moddiscovery.ModFile/LOADING]: Loading mod file /root/minecraft-1.20.1/mods/infinitetrading-1.20.1-4.6.jar with languages [LanguageSpec[languageName=javafml, acceptedVersions=*]]
[27Aug2025 00:00:46.067] [main/DEBUG] [net.minecraftforge.fml.loading.moddiscovery.ModFileParser/LOADING]: Considering mod file candidate /root/minecraft-1.20.1/libraries/net/minecraftforge/forge/1.20.1-47.4.5/forge-1.20.1-47.4.5-universal.jar
[27Aug2025 00:00:46.069] [main/DEBUG] [net.minecraftforge.fml.loading.moddiscovery.ModFileInfo/LOADING]: Found valid mod file forge-1.20.1-47.4.5-universal.jar with {forge} mods - versions {47.4.5}
[27Aug2025 00:00:46.069] [main/DEBUG] [net.minecraftforge.fml.loading.moddiscovery.ModFile/LOADING]: Loading mod file /root/minecraft-1.20.1/libraries/net/minecraftforge/forge/1.20.1-47.4.5/forge-1.20.1-47.4.5-universal.jar with languages [LanguageSpec[languageName=javafml, acceptedVersions=[24,]]]
[27Aug2025 00:00:46.075] [main/DEBUG] [net.minecraftforge.fml.loading.moddiscovery.ModFileParser/LOADING]: Found coremod field_to_method with Javascript path coremods/field_to_method.js
[27Aug2025 00:00:46.075] [main/DEBUG] [net.minecraftforge.fml.loading.moddiscovery.ModFileParser/LOADING]: Found coremod field_to_instanceof with Javascript path coremods/field_to_instanceof.js
[27Aug2025 00:00:46.076] [main/DEBUG] [net.minecraftforge.fml.loading.moddiscovery.ModFileParser/LOADING]: Found coremod add_bouncer_method with Javascript path coremods/add_bouncer_method.js
[27Aug2025 00:00:46.076] [main/DEBUG] [net.minecraftforge.fml.loading.moddiscovery.ModFileParser/LOADING]: Found coremod method_redirector with Javascript path coremods/method_redirector.js
[27Aug2025 00:00:46.076] [main/DEBUG] [net.minecraftforge.fml.loading.moddiscovery.ModFile/LOADING]: Found coremod coremods/field_to_method.js
[27Aug2025 00:00:46.076] [main/DEBUG] [net.minecraftforge.fml.loading.moddiscovery.ModFile/LOADING]: Found coremod coremods/field_to_instanceof.js
[27Aug2025 00:00:46.076] [main/DEBUG] [net.minecraftforge.fml.loading.moddiscovery.ModFile/LOADING]: Found coremod coremods/add_bouncer_method.js
[27Aug2025 00:00:46.077] [main/DEBUG] [net.minecraftforge.fml.loading.moddiscovery.ModFile/LOADING]: Found coremod coremods/method_redirector.js
[27Aug2025 00:00:46.077] [main/DEBUG] [net.minecraftforge.fml.loading.moddiscovery.ModFileParser/LOADING]: Considering mod file candidate /root/minecraft-1.20.1/mods/sound-physics-remastered-forge-1.20.1-1.4.15.jar
[27Aug2025 00:00:46.078] [main/DEBUG] [net.minecraftforge.fml.loading.moddiscovery.ModFileInfo/LOADING]: Found valid mod file sound-physics-remastered-forge-1.20.1-1.4.15.jar with {sound_physics_remastered} mods - versions {1.20.1-1.4.15}
[27Aug2025 00:00:46.078] [main/DEBUG] [net.minecraftforge.fml.loading.moddiscovery.ModFile/LOADING]: Loading mod file /root/minecraft-1.20.1/mods/sound-physics-remastered-forge-1.20.1-1.4.15.jar with languages [LanguageSpec[languageName=javafml, acceptedVersions=*]]
[27Aug2025 00:00:46.079] [main/DEBUG] [net.minecraftforge.fml.loading.moddiscovery.ModFileParser/LOADING]: Considering mod file candidate /root/minecraft-1.20.1/mods/twilightforest-1.20.1-4.3.2508-universal.jar
[27Aug2025 00:00:46.080] [main/DEBUG] [net.minecraftforge.fml.loading.moddiscovery.ModFileInfo/LOADING]: Found valid mod file twilightforest-1.20.1-4.3.2508-universal.jar with {twilightforest} mods - versions {4.3.2508}
[27Aug2025 00:00:46.080] [main/DEBUG] [net.minecraftforge.fml.loading.moddiscovery.ModFile/LOADING]: Loading mod file /root/minecraft-1.20.1/mods/twilightforest-1.20.1-4.3.2508-universal.jar with languages [LanguageSpec[languageName=javafml, acceptedVersions=[47,)]]
[27Aug2025 00:00:46.081] [main/DEBUG] [net.minecraftforge.fml.loading.moddiscovery.ModFileParser/LOADING]: Found coremod seed with Javascript path META-INF/asm/seed.js
[27Aug2025 00:00:46.081] [main/DEBUG] [net.minecraftforge.fml.loading.moddiscovery.ModFileParser/LOADING]: Found coremod maprendercontext with Javascript path META-INF/asm/maprendercontext.js
[27Aug2025 00:00:46.081] [main/DEBUG] [net.minecraftforge.fml.loading.moddiscovery.ModFileParser/LOADING]: Found coremod music with Javascript path META-INF/asm/music.js
[27Aug2025 00:00:46.081] [main/DEBUG] [net.minecraftforge.fml.loading.moddiscovery.ModFileParser/LOADING]: Found coremod multipart with Javascript path META-INF/asm/multipart.js
[27Aug2025 00:00:46.081] [main/DEBUG] [net.minecraftforge.fml.loading.moddiscovery.ModFileParser/LOADING]: Found coremod foliage with Javascript path META-INF/asm/foliage.js
[27Aug2025 00:00:46.082] [main/DEBUG] [net.minecraftforge.fml.loading.moddiscovery.ModFileParser/LOADING]: Found coremod mount with Javascript path META-INF/asm/mount.js
[27Aug2025 00:00:46.082] [main/DEBUG] [net.minecraftforge.fml.loading.moddiscovery.ModFileParser/LOADING]: Found coremod book with Javascript path META-INF/asm/book.js
[27Aug2025 00:00:46.082] [main/DEBUG] [net.minecraftforge.fml.loading.moddiscovery.ModFileParser/LOADING]: Found coremod conquered with Javascript path META-INF/asm/conquered.js
[27Aug2025 00:00:46.082] [main/DEBUG] [net.minecraftforge.fml.loading.moddiscovery.ModFileParser/LOADING]: Found coremod reach with Javascript path META-INF/asm/reach.js
[27Aug2025 00:00:46.082] [main/DEBUG] [net.minecraftforge.fml.loading.moddiscovery.ModFileParser/LOADING]: Found coremod shroom with Javascript path META-INF/asm/shroom.js
[27Aug2025 00:00:46.082] [main/DEBUG] [net.minecraftforge.fml.loading.moddiscovery.ModFileParser/LOADING]: Found coremod cloud with Javascript path META-INF/asm/cloud.js
[27Aug2025 00:00:46.082] [main/DEBUG] [net.minecraftforge.fml.loading.moddiscovery.ModFileParser/LOADING]: Found coremod lead with Javascript path META-INF/asm/lead.js
[27Aug2025 00:00:46.082] [main/DEBUG] [net.minecraftforge.fml.loading.moddiscovery.ModFile/LOADING]: Found coremod META-INF/asm/seed.js
[27Aug2025 00:00:46.082] [main/DEBUG] [net.minecraftforge.fml.loading.moddiscovery.ModFile/LOADING]: Found coremod META-INF/asm/maprendercontext.js
[27Aug2025 00:00:46.083] [main/DEBUG] [net.minecraftforge.fml.loading.moddiscovery.ModFile/LOADING]: Found coremod META-INF/asm/music.js
[27Aug2025 00:00:46.083] [main/DEBUG] [net.minecraftforge.fml.loading.moddiscovery.ModFile/LOADING]: Found coremod META-INF/asm/multipart.js
[27Aug2025 00:00:46.083] [main/DEBUG] [net.minecraftforge.fml.loading.moddiscovery.ModFile/LOADING]: Found coremod META-INF/asm/foliage.js
[27Aug2025 00:00:46.083] [main/DEBUG] [net.minecraftforge.fml.loading.moddiscovery.ModFile/LOADING]: Found coremod META-INF/asm/mount.js
[27Aug2025 00:00:46.083] [main/DEBUG] [net.minecraftforge.fml.loading.moddiscovery.ModFile/LOADING]: Found coremod META-INF/asm/book.js
[27Aug2025 00:00:46.083] [main/DEBUG] [net.minecraftforge.fml.loading.moddiscovery.ModFile/LOADING]: Found coremod META-INF/asm/conquered.js
[27Aug2025 00:00:46.083] [main/DEBUG] [net.minecraftforge.fml.loading.moddiscovery.ModFile/LOADING]: Found coremod META-INF/asm/reach.js
[27Aug2025 00:00:46.083] [main/DEBUG] [net.minecraftforge.fml.loading.moddiscovery.ModFile/LOADING]: Found coremod META-INF/asm/shroom.js
[27Aug2025 00:00:46.083] [main/DEBUG] [net.minecraftforge.fml.loading.moddiscovery.ModFile/LOADING]: Found coremod META-INF/asm/cloud.js
[27Aug2025 00:00:46.083] [main/DEBUG] [net.minecraftforge.fml.loading.moddiscovery.ModFile/LOADING]: Found coremod META-INF/asm/lead.js
[27Aug2025 00:00:46.084] [main/DEBUG] [net.minecraftforge.fml.loading.moddiscovery.ModFileParser/LOADING]: Considering mod file candidate /root/minecraft-1.20.1/mods/collective-1.20.1-8.3.jar
[27Aug2025 00:00:46.085] [main/DEBUG] [net.minecraftforge.fml.loading.moddiscovery.ModFileInfo/LOADING]: Found valid mod file collective-1.20.1-8.3.jar with {collective} mods - versions {8.3}
[27Aug2025 00:00:46.085] [main/DEBUG] [net.minecraftforge.fml.loading.moddiscovery.ModFile/LOADING]: Loading mod file /root/minecraft-1.20.1/mods/collective-1.20.1-8.3.jar with languages [LanguageSpec[languageName=javafml, acceptedVersions=*]]
[27Aug2025 00:00:46.085] [main/DEBUG] [net.minecraftforge.fml.loading.moddiscovery.ModFileParser/LOADING]: Considering mod file candidate /root/minecraft-1.20.1/mods/journeymap-1.20.1-5.10.3-forge.jar
[27Aug2025 00:00:46.086] [main/DEBUG] [net.minecraftforge.fml.loading.moddiscovery.ModFileInfo/LOADING]: Found valid mod file journeymap-1.20.1-5.10.3-forge.jar with {journeymap} mods - versions {5.10.3}
[27Aug2025 00:00:46.087] [main/DEBUG] [net.minecraftforge.fml.loading.moddiscovery.ModFile/LOADING]: Loading mod file /root/minecraft-1.20.1/mods/journeymap-1.20.1-5.10.3-forge.jar with languages [LanguageSpec[languageName=javafml, acceptedVersions=[44,)]]
[27Aug2025 00:00:46.087] [main/DEBUG] [net.minecraftforge.fml.loading.moddiscovery.ModFileParser/LOADING]: Found coremod journeymap potion effect transformer with Javascript path potion-effects-shift.js
[27Aug2025 00:00:46.088] [main/DEBUG] [net.minecraftforge.fml.loading.moddiscovery.ModFile/LOADING]: Found coremod potion-effects-shift.js
[27Aug2025 00:00:46.088] [main/DEBUG] [net.minecraftforge.fml.loading.moddiscovery.ModFile/LOADING]: Loading mod file  with languages []
[27Aug2025 00:00:46.088] [main/DEBUG] [net.minecraftforge.fml.loading.moddiscovery.ModFileParser/LOADING]: Considering mod file candidate 
[27Aug2025 00:00:46.089] [main/DEBUG] [net.minecraftforge.fml.loading.moddiscovery.ModFileInfo/LOADING]: Found valid mod file mixinextras-forge-0.3.6.jar with {mixinextras} mods - versions {0.3.6}
[27Aug2025 00:00:46.089] [main/DEBUG] [net.minecraftforge.fml.loading.moddiscovery.ModFile/LOADING]: Loading mod file  with languages [LanguageSpec[languageName=javafml, acceptedVersions=*]]
[27Aug2025 00:00:46.089] [main/DEBUG] [net.minecraftforge.fml.loading.moddiscovery.ModFile/LOADING]: Loading mod file  with languages []
[27Aug2025 00:00:46.090] [main/DEBUG] [net.minecraftforge.fml.loading.moddiscovery.ModFile/LOADING]: Loading mod file  with languages []
[27Aug2025 00:00:46.090] [main/DEBUG] [net.minecraftforge.fml.loading.moddiscovery.ModFile/LOADING]: Loading mod file  with languages []
[27Aug2025 00:00:46.090] [main/DEBUG] [net.minecraftforge.fml.loading.moddiscovery.ModFile/LOADING]: Loading mod file  with languages []
[27Aug2025 00:00:46.090] [main/DEBUG] [net.minecraftforge.fml.loading.moddiscovery.ModFile/LOADING]: Loading mod file  with languages []
[27Aug2025 00:00:46.091] [main/DEBUG] [net.minecraftforge.fml.loading.moddiscovery.ModFile/LOADING]: Loading mod file  with languages []
[27Aug2025 00:00:46.091] [main/DEBUG] [net.minecraftforge.fml.loading.moddiscovery.ModFileParser/LOADING]: Considering mod file candidate 
[27Aug2025 00:00:46.092] [main/DEBUG] [net.minecraftforge.fml.loading.moddiscovery.ModFileInfo/LOADING]: Found valid mod file mixinextras-forge-0.3.6.jar with {mixinextras} mods - versions {0.3.6}
[27Aug2025 00:00:46.092] [main/DEBUG] [net.minecraftforge.fml.loading.moddiscovery.ModFile/LOADING]: Loading mod file  with languages [LanguageSpec[languageName=javafml, acceptedVersions=*]]
[27Aug2025 00:00:46.092] [main/DEBUG] [net.minecraftforge.fml.loading.moddiscovery.ModFile/LOADING]: Loading mod file  with languages []
[27Aug2025 00:00:46.092] [main/DEBUG] [net.minecraftforge.fml.loading.moddiscovery.ModFile/LOADING]: Loading mod file  with languages []
[27Aug2025 00:00:46.093] [main/DEBUG] [net.minecraftforge.fml.loading.moddiscovery.ModFile/LOADING]: Loading mod file  with languages []
[27Aug2025 00:00:46.093] [main/DEBUG] [net.minecraftforge.fml.loading.moddiscovery.ModFile/LOADING]: Loading mod file  with languages []
[27Aug2025 00:00:46.093] [main/DEBUG] [net.minecraftforge.fml.loading.moddiscovery.ModFile/LOADING]: Loading mod file  with languages []
[27Aug2025 00:00:46.095] [main/DEBUG] [cpw.mods.modlauncher.TransformationServiceDecorator/MODLAUNCHER]: End scan trigger - transformation service fml
[27Aug2025 00:00:46.122] [main/DEBUG] [net.minecraftforge.fml.loading.LanguageLoadingProvider/CORE]: Found 3 language providers
[27Aug2025 00:00:46.123] [main/DEBUG] [net.minecraftforge.fml.loading.LanguageLoadingProvider/CORE]: Found language provider minecraft, version 1.0
[27Aug2025 00:00:46.125] [main/DEBUG] [net.minecraftforge.fml.loading.LanguageLoadingProvider/CORE]: Found language provider lowcodefml, version 47
[27Aug2025 00:00:46.125] [main/DEBUG] [net.minecraftforge.fml.loading.LanguageLoadingProvider/CORE]: Found language provider javafml, version 47
[27Aug2025 00:00:46.135] [main/DEBUG] [net.minecraftforge.fml.loading.UniqueModListBuilder/]: Found 2 mods for first modid mclib, selecting most recent based on version data
[27Aug2025 00:00:46.136] [main/DEBUG] [net.minecraftforge.fml.loading.UniqueModListBuilder/]: Selected file mclib-20.jar for modid mclib with version 0.0NONE
[27Aug2025 00:00:46.137] [main/DEBUG] [net.minecraftforge.fml.loading.UniqueModListBuilder/]: Found 2 mods for first modid mixinextras, selecting most recent based on version data
[27Aug2025 00:00:46.137] [main/DEBUG] [net.minecraftforge.fml.loading.UniqueModListBuilder/]: Selected file mixinextras-forge-0.3.6.jar for modid mixinextras with version 0.3.6
[27Aug2025 00:00:46.137] [main/DEBUG] [net.minecraftforge.fml.loading.UniqueModListBuilder/]: Found 2 mods for first modid MixinExtras, selecting most recent based on version data
[27Aug2025 00:00:46.137] [main/DEBUG] [net.minecraftforge.fml.loading.UniqueModListBuilder/]: Selected file MixinExtras-0.3.6.jar for modid MixinExtras with version 0.0NONE
[27Aug2025 00:00:46.137] [main/DEBUG] [net.minecraftforge.fml.loading.UniqueModListBuilder/]: Found 2 mods for first modid luaj.jse.figura, selecting most recent based on version data
[27Aug2025 00:00:46.138] [main/DEBUG] [net.minecraftforge.fml.loading.UniqueModListBuilder/]: Selected file luaj-jse-3.0.8-figura.jar for modid luaj.jse.figura with version 0.0NONE
[27Aug2025 00:00:46.138] [main/DEBUG] [net.minecraftforge.fml.loading.UniqueModListBuilder/]: Found 2 mods for first modid org.apache.bcel, selecting most recent based on version data
[27Aug2025 00:00:46.138] [main/DEBUG] [net.minecraftforge.fml.loading.UniqueModListBuilder/]: Selected file bcel-6.6.1.jar for modid org.apache.bcel with version 6.6.1
[27Aug2025 00:00:46.138] [main/DEBUG] [net.minecraftforge.fml.loading.UniqueModListBuilder/]: Found 2 mods for first modid luaj.core.figura, selecting most recent based on version data
[27Aug2025 00:00:46.138] [main/DEBUG] [net.minecraftforge.fml.loading.UniqueModListBuilder/]: Selected file luaj-core-3.0.8-figura.jar for modid luaj.core.figura with version 0.0NONE
[27Aug2025 00:00:46.139] [main/DEBUG] [net.minecraftforge.fml.loading.UniqueModListBuilder/]: Found 2 mods for first modid commons.math3, selecting most recent based on version data
[27Aug2025 00:00:46.139] [main/DEBUG] [net.minecraftforge.fml.loading.UniqueModListBuilder/]: Selected file commons-math3-3.6.1.jar for modid commons.math3 with version 3.6.1
[27Aug2025 00:00:46.142] [main/DEBUG] [net.minecraftforge.fml.loading.ModSorter/]: Configured system mods: [minecraft, forge]
[27Aug2025 00:00:46.143] [main/DEBUG] [net.minecraftforge.fml.loading.ModSorter/]: Found system mod: minecraft
[27Aug2025 00:00:46.143] [main/DEBUG] [net.minecraftforge.fml.loading.ModSorter/]: Found system mod: forge
[27Aug2025 00:00:46.148] [main/DEBUG] [net.minecraftforge.fml.loading.ModSorter/LOADING]: Found 28 mod requirements (24 mandatory, 4 optional)
[27Aug2025 00:00:46.149] [main/DEBUG] [net.minecraftforge.fml.loading.ModSorter/LOADING]: Found 0 mod requirements missing (0 mandatory, 0 optional)
[27Aug2025 00:00:47.671] [main/DEBUG] [cpw.mods.modlauncher.TransformationServicesHandler/MODLAUNCHER]: Transformation services loading transformers
[27Aug2025 00:00:47.675] [main/DEBUG] [cpw.mods.modlauncher.TransformationServiceDecorator/MODLAUNCHER]: Initializing transformers for transformation service mixin
[27Aug2025 00:00:47.678] [main/DEBUG] [cpw.mods.modlauncher.TransformationServiceDecorator/MODLAUNCHER]: Initialized transformers for transformation service mixin
[27Aug2025 00:00:47.679] [main/DEBUG] [cpw.mods.modlauncher.TransformationServiceDecorator/MODLAUNCHER]: Initializing transformers for transformation service fml
[27Aug2025 00:00:47.679] [main/DEBUG] [net.minecraftforge.fml.loading.FMLServiceProvider/CORE]: Loading coremod transformers
[27Aug2025 00:00:47.679] [main/DEBUG] [net.minecraftforge.coremod.CoreModEngine/COREMOD]: Loading CoreMod from coremods/field_to_method.js
[27Aug2025 00:00:48.347] [main/DEBUG] [net.minecraftforge.coremod.CoreModEngine/COREMOD]: CoreMod loaded successfully
[27Aug2025 00:00:48.347] [main/DEBUG] [net.minecraftforge.coremod.CoreModEngine/COREMOD]: Loading CoreMod from coremods/field_to_instanceof.js
[27Aug2025 00:00:48.622] [main/DEBUG] [net.minecraftforge.coremod.CoreModEngine/COREMOD]: CoreMod loaded successfully
[27Aug2025 00:00:48.622] [main/DEBUG] [net.minecraftforge.coremod.CoreModEngine/COREMOD]: Loading CoreMod from coremods/add_bouncer_method.js
[27Aug2025 00:00:48.730] [main/DEBUG] [net.minecraftforge.coremod.CoreModEngine/COREMOD]: CoreMod loaded successfully
[27Aug2025 00:00:48.730] [main/DEBUG] [net.minecraftforge.coremod.CoreModEngine/COREMOD]: Loading CoreMod from coremods/method_redirector.js
[27Aug2025 00:00:49.013] [main/DEBUG] [net.minecraftforge.coremod.CoreModEngine/COREMOD]: CoreMod loaded successfully
[27Aug2025 00:00:49.014] [main/DEBUG] [net.minecraftforge.coremod.CoreModEngine/COREMOD]: Loading CoreMod from META-INF/asm/seed.js
[27Aug2025 00:00:49.059] [main/DEBUG] [net.minecraftforge.coremod.CoreModEngine/COREMOD]: CoreMod loaded successfully
[27Aug2025 00:00:49.059] [main/DEBUG] [net.minecraftforge.coremod.CoreModEngine/COREMOD]: Loading CoreMod from META-INF/asm/maprendercontext.js
[27Aug2025 00:00:49.196] [main/DEBUG] [net.minecraftforge.coremod.CoreModEngine/COREMOD]: CoreMod loaded successfully
[27Aug2025 00:00:49.196] [main/DEBUG] [net.minecraftforge.coremod.CoreModEngine/COREMOD]: Loading CoreMod from META-INF/asm/music.js
[27Aug2025 00:00:49.253] [main/DEBUG] [net.minecraftforge.coremod.CoreModEngine/COREMOD]: CoreMod loaded successfully
[27Aug2025 00:00:49.253] [main/DEBUG] [net.minecraftforge.coremod.CoreModEngine/COREMOD]: Loading CoreMod from META-INF/asm/multipart.js
[27Aug2025 00:00:49.364] [main/DEBUG] [net.minecraftforge.coremod.CoreModEngine/COREMOD]: CoreMod loaded successfully
[27Aug2025 00:00:49.364] [main/DEBUG] [net.minecraftforge.coremod.CoreModEngine/COREMOD]: Loading CoreMod from META-INF/asm/foliage.js
[27Aug2025 00:00:49.425] [main/DEBUG] [net.minecraftforge.coremod.CoreModEngine/COREMOD]: CoreMod loaded successfully
[27Aug2025 00:00:49.425] [main/DEBUG] [net.minecraftforge.coremod.CoreModEngine/COREMOD]: Loading CoreMod from META-INF/asm/mount.js
[27Aug2025 00:00:49.498] [main/DEBUG] [net.minecraftforge.coremod.CoreModEngine/COREMOD]: CoreMod loaded successfully
[27Aug2025 00:00:49.498] [main/DEBUG] [net.minecraftforge.coremod.CoreModEngine/COREMOD]: Loading CoreMod from META-INF/asm/book.js
[27Aug2025 00:00:49.553] [main/DEBUG] [net.minecraftforge.coremod.CoreModEngine/COREMOD]: CoreMod loaded successfully
[27Aug2025 00:00:49.553] [main/DEBUG] [net.minecraftforge.coremod.CoreModEngine/COREMOD]: Loading CoreMod from META-INF/asm/conquered.js
[27Aug2025 00:00:49.610] [main/DEBUG] [net.minecraftforge.coremod.CoreModEngine/COREMOD]: CoreMod loaded successfully
[27Aug2025 00:00:49.612] [main/DEBUG] [net.minecraftforge.coremod.CoreModEngine/COREMOD]: Loading CoreMod from META-INF/asm/reach.js
[27Aug2025 00:00:49.665] [main/DEBUG] [net.minecraftforge.coremod.CoreModEngine/COREMOD]: CoreMod loaded successfully
[27Aug2025 00:00:49.666] [main/DEBUG] [net.minecraftforge.coremod.CoreModEngine/COREMOD]: Loading CoreMod from META-INF/asm/shroom.js
[27Aug2025 00:00:49.719] [main/DEBUG] [net.minecraftforge.coremod.CoreModEngine/COREMOD]: CoreMod loaded successfully
[27Aug2025 00:00:49.720] [main/DEBUG] [net.minecraftforge.coremod.CoreModEngine/COREMOD]: Loading CoreMod from META-INF/asm/cloud.js
[27Aug2025 00:00:49.781] [main/DEBUG] [net.minecraftforge.coremod.CoreModEngine/COREMOD]: CoreMod loaded successfully
[27Aug2025 00:00:49.783] [main/DEBUG] [net.minecraftforge.coremod.CoreModEngine/COREMOD]: Loading CoreMod from META-INF/asm/lead.js
[27Aug2025 00:00:49.835] [main/DEBUG] [net.minecraftforge.coremod.CoreModEngine/COREMOD]: CoreMod loaded successfully
[27Aug2025 00:00:49.835] [main/DEBUG] [net.minecraftforge.coremod.CoreModEngine/COREMOD]: Loading CoreMod from potion-effects-shift.js
[27Aug2025 00:00:49.954] [main/DEBUG] [net.minecraftforge.coremod.CoreModEngine/COREMOD]: CoreMod loaded successfully
[27Aug2025 00:00:50.019] [main/DEBUG] [cpw.mods.modlauncher.TransformStore/MODLAUNCHER]: Adding transformer net.minecraftforge.coremod.transformer.CoreModMethodTransformer@7fad214a to Target : METHOD {Lnet/minecraft/world/level/levelgen/WorldOptions;} {<init>} {(JZZLjava/util/Optional;)V}
[27Aug2025 00:00:50.026] [main/DEBUG] [cpw.mods.modlauncher.TransformStore/MODLAUNCHER]: Adding transformer net.minecraftforge.coremod.transformer.CoreModMethodTransformer@6f5bd362 to Target : METHOD {Lnet/minecraft/client/gui/MapRenderer$MapInstance;} {m_93291_} {(Lcom/mojang/blaze3d/vertex/PoseStack;Lnet/minecraft/client/renderer/MultiBufferSource;ZI)V}
[27Aug2025 00:00:50.027] [main/DEBUG] [cpw.mods.modlauncher.TransformStore/MODLAUNCHER]: Adding transformer net.minecraftforge.coremod.transformer.CoreModMethodTransformer@3a401749 to Target : METHOD {Lnet/minecraft/client/renderer/ItemInHandRenderer;} {m_109371_} {(Lnet/minecraft/client/player/AbstractClientPlayer;FFLnet/minecraft/world/InteractionHand;FLnet/minecraft/world/item/ItemStack;FLcom/mojang/blaze3d/vertex/PoseStack;Lnet/minecraft/client/renderer/MultiBufferSource;I)V}
[27Aug2025 00:00:50.027] [main/DEBUG] [cpw.mods.modlauncher.TransformStore/MODLAUNCHER]: Adding transformer net.minecraftforge.coremod.transformer.CoreModMethodTransformer@7793ad58 to Target : METHOD {Lnet/minecraft/world/entity/decoration/ItemFrame;} {m_218868_} {()Ljava/util/OptionalInt;}
[27Aug2025 00:00:50.027] [main/DEBUG] [cpw.mods.modlauncher.TransformStore/MODLAUNCHER]: Adding transformer net.minecraftforge.coremod.transformer.CoreModMethodTransformer@27e2287c to Target : METHOD {Lnet/minecraft/client/renderer/ItemInHandRenderer;} {m_109366_} {(Lcom/mojang/blaze3d/vertex/PoseStack;Lnet/minecraft/client/renderer/MultiBufferSource;ILnet/minecraft/world/item/ItemStack;)V}
[27Aug2025 00:00:50.027] [main/DEBUG] [cpw.mods.modlauncher.TransformStore/MODLAUNCHER]: Adding transformer net.minecraftforge.coremod.transformer.CoreModMethodTransformer@16132f21 to Target : METHOD {Lnet/minecraft/world/item/MapItem;} {m_7373_} {(Lnet/minecraft/world/item/ItemStack;Lnet/minecraft/world/level/Level;Ljava/util/List;Lnet/minecraft/world/item/TooltipFlag;)V}
[27Aug2025 00:00:50.028] [main/DEBUG] [cpw.mods.modlauncher.TransformStore/MODLAUNCHER]: Adding transformer net.minecraftforge.coremod.transformer.CoreModMethodTransformer@2cd388f5 to Target : METHOD {Lnet/minecraft/client/sounds/MusicManager;} {m_120183_} {()V}
[27Aug2025 00:00:50.030] [main/DEBUG] [cpw.mods.modlauncher.TransformStore/MODLAUNCHER]: Adding transformer net.minecraftforge.coremod.transformer.CoreModMethodTransformer@4640195a to Target : METHOD {Lnet/minecraft/server/level/ServerEntity;} {m_8543_} {()V}
[27Aug2025 00:00:50.030] [main/DEBUG] [cpw.mods.modlauncher.TransformStore/MODLAUNCHER]: Adding transformer net.minecraftforge.coremod.transformer.CoreModMethodTransformer@70d77826 to Target : METHOD {Lnet/minecraft/client/renderer/entity/EntityRenderDispatcher;} {m_6213_} {(Lnet/minecraft/server/packs/resources/ResourceManager;)V}
[27Aug2025 00:00:50.031] [main/DEBUG] [cpw.mods.modlauncher.TransformStore/MODLAUNCHER]: Adding transformer net.minecraftforge.coremod.transformer.CoreModMethodTransformer@7f323b3a to Target : METHOD {Lnet/minecraft/client/renderer/entity/EntityRenderDispatcher;} {m_114382_} {(Lnet/minecraft/world/entity/Entity;)Lnet/minecraft/client/renderer/entity/EntityRenderer;}
[27Aug2025 00:00:50.031] [main/DEBUG] [cpw.mods.modlauncher.TransformStore/MODLAUNCHER]: Adding transformer net.minecraftforge.coremod.transformer.CoreModMethodTransformer@4f169009 to Target : METHOD {Lnet/minecraft/client/renderer/LevelRenderer;} {m_109599_} {(Lcom/mojang/blaze3d/vertex/PoseStack;FJZLnet/minecraft/client/Camera;Lnet/minecraft/client/renderer/GameRenderer;Lnet/minecraft/client/renderer/LightTexture;Lorg/joml/Matrix4f;)V}
[27Aug2025 00:00:50.031] [main/DEBUG] [cpw.mods.modlauncher.TransformStore/MODLAUNCHER]: Adding transformer net.minecraftforge.coremod.transformer.CoreModMethodTransformer@9dada78 to Target : METHOD {Lnet/minecraft/client/renderer/BiomeColors;} {m_108807_} {(Lnet/minecraft/world/level/biome/Biome;DD)I}
[27Aug2025 00:00:50.032] [main/DEBUG] [cpw.mods.modlauncher.TransformStore/MODLAUNCHER]: Adding transformer net.minecraftforge.coremod.transformer.CoreModMethodTransformer@4207852d to Target : METHOD {Lnet/minecraft/client/player/LocalPlayer;} {m_6083_} {()V}
[27Aug2025 00:00:50.034] [main/DEBUG] [cpw.mods.modlauncher.TransformStore/MODLAUNCHER]: Adding transformer net.minecraftforge.coremod.transformer.CoreModMethodTransformer@2c829dbc to Target : METHOD {Lnet/minecraft/world/item/WrittenBookItem;} {m_7626_} {(Lnet/minecraft/world/item/ItemStack;)Lnet/minecraft/network/chat/Component;}
[27Aug2025 00:00:50.034] [main/DEBUG] [cpw.mods.modlauncher.TransformStore/MODLAUNCHER]: Adding transformer net.minecraftforge.coremod.transformer.CoreModMethodTransformer@57efc6fd to Target : METHOD {Lnet/minecraft/world/level/levelgen/structure/StructureStart;} {m_226857_} {(Lnet/minecraft/world/level/levelgen/structure/pieces/StructurePieceSerializationContext;Lnet/minecraft/nbt/CompoundTag;J)Lnet/minecraft/world/level/levelgen/structure/StructureStart;}
[27Aug2025 00:00:50.035] [main/DEBUG] [cpw.mods.modlauncher.TransformStore/MODLAUNCHER]: Adding transformer net.minecraftforge.coremod.transformer.CoreModMethodTransformer@839df62 to Target : METHOD {Lnet/minecraft/world/item/Item;} {m_41435_} {(Lnet/minecraft/world/level/Level;Lnet/minecraft/world/entity/player/Player;Lnet/minecraft/world/level/ClipContext$Fluid;)Lnet/minecraft/world/phys/BlockHitResult;}
[27Aug2025 00:00:50.035] [main/DEBUG] [cpw.mods.modlauncher.TransformStore/MODLAUNCHER]: Adding transformer net.minecraftforge.coremod.transformer.CoreModMethodTransformer@76e90da5 to Target : METHOD {Lnet/minecraft/world/level/block/MushroomBlock;} {m_7898_} {(Lnet/minecraft/world/level/block/state/BlockState;Lnet/minecraft/world/level/LevelReader;Lnet/minecraft/core/BlockPos;)Z}
[27Aug2025 00:00:50.035] [main/DEBUG] [cpw.mods.modlauncher.TransformStore/MODLAUNCHER]: Adding transformer net.minecraftforge.coremod.transformer.CoreModMethodTransformer@4e3e11b9 to Target : METHOD {Lnet/minecraft/world/level/Level;} {m_46758_} {(Lnet/minecraft/core/BlockPos;)Z}
[27Aug2025 00:00:50.036] [main/DEBUG] [cpw.mods.modlauncher.TransformStore/MODLAUNCHER]: Adding transformer net.minecraftforge.coremod.transformer.CoreModMethodTransformer@67cffead to Target : METHOD {Lnet/minecraft/world/entity/decoration/LeashFenceKnotEntity;} {m_7088_} {()Z}
[27Aug2025 00:00:50.036] [main/DEBUG] [cpw.mods.modlauncher.TransformStore/MODLAUNCHER]: Adding transformer net.minecraftforge.coremod.transformer.CoreModMethodTransformer@214beff9 to Target : METHOD {Lnet/minecraft/client/gui/Gui;} {m_93028_} {(Lcom/mojang/blaze3d/vertex/PoseStack;)V}
[27Aug2025 00:00:50.038] [main/DEBUG] [cpw.mods.modlauncher.TransformStore/MODLAUNCHER]: Adding transformer net.minecraftforge.coremod.transformer.CoreModClassTransformer@217c23ce to Target : CLASS {Lnet/minecraft/world/level/biome/Biome;} {} {V}
[27Aug2025 00:00:50.039] [main/DEBUG] [cpw.mods.modlauncher.TransformStore/MODLAUNCHER]: Adding transformer net.minecraftforge.coremod.transformer.CoreModClassTransformer@39de9bda to Target : CLASS {Lnet/minecraft/world/level/levelgen/structure/Structure;} {} {V}
[27Aug2025 00:00:50.039] [main/DEBUG] [cpw.mods.modlauncher.TransformStore/MODLAUNCHER]: Adding transformer net.minecraftforge.coremod.transformer.CoreModClassTransformer@47148f3f to Target : CLASS {Lnet/minecraft/world/effect/MobEffectInstance;} {} {V}
[27Aug2025 00:00:50.039] [main/DEBUG] [cpw.mods.modlauncher.TransformStore/MODLAUNCHER]: Adding transformer net.minecraftforge.coremod.transformer.CoreModClassTransformer@52226e57 to Target : CLASS {Lnet/minecraft/world/level/block/LiquidBlock;} {} {V}
[27Aug2025 00:00:50.039] [main/DEBUG] [cpw.mods.modlauncher.TransformStore/MODLAUNCHER]: Adding transformer net.minecraftforge.coremod.transformer.CoreModClassTransformer@1200458e to Target : CLASS {Lnet/minecraft/world/item/BucketItem;} {} {V}
[27Aug2025 00:00:50.040] [main/DEBUG] [cpw.mods.modlauncher.TransformStore/MODLAUNCHER]: Adding transformer net.minecraftforge.coremod.transformer.CoreModClassTransformer@5fcd1c5f to Target : CLASS {Lnet/minecraft/world/level/block/StairBlock;} {} {V}
[27Aug2025 00:00:50.040] [main/DEBUG] [cpw.mods.modlauncher.TransformStore/MODLAUNCHER]: Adding transformer net.minecraftforge.coremod.transformer.CoreModClassTransformer@3cc30dee to Target : CLASS {Lnet/minecraft/world/level/block/FlowerPotBlock;} {} {V}
[27Aug2025 00:00:50.042] [main/DEBUG] [cpw.mods.modlauncher.TransformStore/MODLAUNCHER]: Adding transformer net.minecraftforge.coremod.transformer.CoreModClassTransformer@7d528cf7 to Target : CLASS {Lnet/minecraft/world/item/ItemStack;} {} {V}
[27Aug2025 00:00:50.043] [main/DEBUG] [cpw.mods.modlauncher.TransformStore/MODLAUNCHER]: Adding transformer net.minecraftforge.coremod.transformer.CoreModClassTransformer@6dee8ae6 to Target : CLASS {Lnet/minecraft/network/play/client/CClientSettingsPacket;} {} {V}
[27Aug2025 00:00:50.043] [main/DEBUG] [cpw.mods.modlauncher.TransformStore/MODLAUNCHER]: Adding transformer net.minecraftforge.coremod.transformer.CoreModClassTransformer@5af64ce0 to Target : CLASS {Lnet/minecraft/world/entity/animal/frog/Tadpole;} {} {V}
[27Aug2025 00:00:50.043] [main/DEBUG] [cpw.mods.modlauncher.TransformStore/MODLAUNCHER]: Adding transformer net.minecraftforge.coremod.transformer.CoreModClassTransformer@5af64ce0 to Target : CLASS {Lnet/minecraft/world/level/levelgen/structure/structures/OceanRuinPieces$OceanRuinPiece;} {} {V}
[27Aug2025 00:00:50.043] [main/DEBUG] [cpw.mods.modlauncher.TransformStore/MODLAUNCHER]: Adding transformer net.minecraftforge.coremod.transformer.CoreModClassTransformer@5af64ce0 to Target : CLASS {Lnet/minecraft/world/entity/raid/Raid;} {} {V}
[27Aug2025 00:00:50.043] [main/DEBUG] [cpw.mods.modlauncher.TransformStore/MODLAUNCHER]: Adding transformer net.minecraftforge.coremod.transformer.CoreModClassTransformer@5af64ce0 to Target : CLASS {Lnet/minecraft/world/level/levelgen/structure/structures/WoodlandMansionPieces$WoodlandMansionPiece;} {} {V}
[27Aug2025 00:00:50.044] [main/DEBUG] [cpw.mods.modlauncher.TransformStore/MODLAUNCHER]: Adding transformer net.minecraftforge.coremod.transformer.CoreModClassTransformer@5af64ce0 to Target : CLASS {Lnet/minecraft/world/level/levelgen/structure/structures/OceanMonumentPieces$OceanMonumentPiece;} {} {V}
[27Aug2025 00:00:50.044] [main/DEBUG] [cpw.mods.modlauncher.TransformStore/MODLAUNCHER]: Adding transformer net.minecraftforge.coremod.transformer.CoreModClassTransformer@5af64ce0 to Target : CLASS {Lnet/minecraft/world/level/levelgen/structure/templatesystem/StructureTemplate;} {} {V}
[27Aug2025 00:00:50.046] [main/DEBUG] [cpw.mods.modlauncher.TransformStore/MODLAUNCHER]: Adding transformer net.minecraftforge.coremod.transformer.CoreModClassTransformer@5af64ce0 to Target : CLASS {Lnet/minecraft/world/entity/ai/village/VillageSiege;} {} {V}
[27Aug2025 00:00:50.046] [main/DEBUG] [cpw.mods.modlauncher.TransformStore/MODLAUNCHER]: Adding transformer net.minecraftforge.coremod.transformer.CoreModClassTransformer@5af64ce0 to Target : CLASS {Lnet/minecraft/world/entity/animal/horse/SkeletonTrapGoal;} {} {V}
[27Aug2025 00:00:50.047] [main/DEBUG] [cpw.mods.modlauncher.TransformStore/MODLAUNCHER]: Adding transformer net.minecraftforge.coremod.transformer.CoreModClassTransformer@5af64ce0 to Target : CLASS {Lnet/minecraft/world/entity/npc/Villager;} {} {V}
[27Aug2025 00:00:50.047] [main/DEBUG] [cpw.mods.modlauncher.TransformStore/MODLAUNCHER]: Adding transformer net.minecraftforge.coremod.transformer.CoreModClassTransformer@5af64ce0 to Target : CLASS {Lnet/minecraft/world/level/levelgen/PhantomSpawner;} {} {V}
[27Aug2025 00:00:50.047] [main/DEBUG] [cpw.mods.modlauncher.TransformStore/MODLAUNCHER]: Adding transformer net.minecraftforge.coremod.transformer.CoreModClassTransformer@5af64ce0 to Target : CLASS {Lnet/minecraft/server/commands/SummonCommand;} {} {V}
[27Aug2025 00:00:50.047] [main/DEBUG] [cpw.mods.modlauncher.TransformStore/MODLAUNCHER]: Adding transformer net.minecraftforge.coremod.transformer.CoreModClassTransformer@5af64ce0 to Target : CLASS {Lnet/minecraft/world/entity/monster/Strider;} {} {V}
[27Aug2025 00:00:50.047] [main/DEBUG] [cpw.mods.modlauncher.TransformStore/MODLAUNCHER]: Adding transformer net.minecraftforge.coremod.transformer.CoreModClassTransformer@5af64ce0 to Target : CLASS {Lnet/minecraft/world/level/levelgen/structure/structures/SwampHutPiece;} {} {V}
[27Aug2025 00:00:50.048] [main/DEBUG] [cpw.mods.modlauncher.TransformStore/MODLAUNCHER]: Adding transformer net.minecraftforge.coremod.transformer.CoreModClassTransformer@5af64ce0 to Target : CLASS {Lnet/minecraft/server/commands/RaidCommand;} {} {V}
[27Aug2025 00:00:50.048] [main/DEBUG] [cpw.mods.modlauncher.TransformStore/MODLAUNCHER]: Adding transformer net.minecraftforge.coremod.transformer.CoreModClassTransformer@5af64ce0 to Target : CLASS {Lnet/minecraft/world/entity/monster/ZombieVillager;} {} {V}
[27Aug2025 00:00:50.050] [main/DEBUG] [cpw.mods.modlauncher.TransformStore/MODLAUNCHER]: Adding transformer net.minecraftforge.coremod.transformer.CoreModClassTransformer@5af64ce0 to Target : CLASS {Lnet/minecraft/world/level/levelgen/PatrolSpawner;} {} {V}
[27Aug2025 00:00:50.050] [main/DEBUG] [cpw.mods.modlauncher.TransformStore/MODLAUNCHER]: Adding transformer net.minecraftforge.coremod.transformer.CoreModClassTransformer@5af64ce0 to Target : CLASS {Lnet/minecraft/world/entity/EntityType;} {} {V}
[27Aug2025 00:00:50.050] [main/DEBUG] [cpw.mods.modlauncher.TransformStore/MODLAUNCHER]: Adding transformer net.minecraftforge.coremod.transformer.CoreModClassTransformer@5af64ce0 to Target : CLASS {Lnet/minecraft/world/entity/monster/Evoker$EvokerSummonSpellGoal;} {} {V}
[27Aug2025 00:00:50.050] [main/DEBUG] [cpw.mods.modlauncher.TransformStore/MODLAUNCHER]: Adding transformer net.minecraftforge.coremod.transformer.CoreModClassTransformer@5af64ce0 to Target : CLASS {Lnet/minecraft/world/entity/monster/Spider;} {} {V}
[27Aug2025 00:00:50.050] [main/DEBUG] [cpw.mods.modlauncher.TransformStore/MODLAUNCHER]: Adding transformer net.minecraftforge.coremod.transformer.CoreModClassTransformer@5af64ce0 to Target : CLASS {Lnet/minecraft/world/entity/npc/CatSpawner;} {} {V}
[27Aug2025 00:00:50.051] [main/DEBUG] [cpw.mods.modlauncher.TransformStore/MODLAUNCHER]: Adding transformer net.minecraftforge.coremod.transformer.CoreModClassTransformer@5af64ce0 to Target : CLASS {Lnet/minecraft/world/level/NaturalSpawner;} {} {V}
[27Aug2025 00:00:50.051] [main/DEBUG] [cpw.mods.modlauncher.TransformStore/MODLAUNCHER]: Adding transformer net.minecraftforge.coremod.transformer.CoreModClassTransformer@5af64ce0 to Target : CLASS {Lnet/minecraft/world/entity/monster/Zombie;} {} {V}
[27Aug2025 00:00:50.051] [main/DEBUG] [cpw.mods.modlauncher.TransformationServiceDecorator/MODLAUNCHER]: Initialized transformers for transformation service fml
[27Aug2025 00:00:52.028] [main/DEBUG] [mixin/]: Processing prepare() for PlatformAgent[MixinPlatformAgentDefault:ModLauncher Root Container(ModLauncher:4f56a0a2)]
[27Aug2025 00:00:52.028] [main/DEBUG] [mixin/]: Processing launch tasks for PlatformAgent[MixinPlatformAgentDefault:ModLauncher Root Container(ModLauncher:4f56a0a2)]
[27Aug2025 00:00:52.030] [main/DEBUG] [mixin/]: Adding mixin platform agents for container SecureJarResource(minecraft)
[27Aug2025 00:00:52.031] [main/DEBUG] [mixin/]: Instancing new MixinPlatformAgentMinecraftForge for SecureJarResource(minecraft)
[27Aug2025 00:00:52.031] [main/DEBUG] [mixin/]: MixinPlatformAgentMinecraftForge rejected container SecureJarResource(minecraft)
[27Aug2025 00:00:52.031] [main/DEBUG] [mixin/]: Instancing new MixinPlatformAgentDefault for SecureJarResource(minecraft)
[27Aug2025 00:00:52.031] [main/DEBUG] [mixin/]: MixinPlatformAgentDefault accepted container SecureJarResource(minecraft)
[27Aug2025 00:00:52.031] [main/DEBUG] [mixin/]: Processing prepare() for PlatformAgent[MixinPlatformAgentDefault:SecureJarResource(minecraft)]
[27Aug2025 00:00:52.031] [main/DEBUG] [mixin/]: Adding mixin platform agents for container SecureJarResource(mixinextras)
[27Aug2025 00:00:52.032] [main/DEBUG] [mixin/]: Instancing new MixinPlatformAgentMinecraftForge for SecureJarResource(mixinextras)
[27Aug2025 00:00:52.032] [main/DEBUG] [mixin/]: MixinPlatformAgentMinecraftForge rejected container SecureJarResource(mixinextras)
[27Aug2025 00:00:52.034] [main/DEBUG] [mixin/]: Instancing new MixinPlatformAgentDefault for SecureJarResource(mixinextras)
[27Aug2025 00:00:52.034] [main/DEBUG] [mixin/]: MixinPlatformAgentDefault accepted container SecureJarResource(mixinextras)
[27Aug2025 00:00:52.035] [main/DEBUG] [mixin/]: Processing prepare() for PlatformAgent[MixinPlatformAgentDefault:SecureJarResource(mixinextras)]
[27Aug2025 00:00:52.035] [main/DEBUG] [mixin/]: Registering mixin config: mixinextras.init.mixins.json
[27Aug2025 00:00:52.081] [main/DEBUG] [mixin/]: Adding mixin platform agents for container SecureJarResource(trade_cycling)
[27Aug2025 00:00:52.081] [main/DEBUG] [mixin/]: Instancing new MixinPlatformAgentMinecraftForge for SecureJarResource(trade_cycling)
[27Aug2025 00:00:52.081] [main/DEBUG] [mixin/]: MixinPlatformAgentMinecraftForge rejected container SecureJarResource(trade_cycling)
[27Aug2025 00:00:52.081] [main/DEBUG] [mixin/]: Instancing new MixinPlatformAgentDefault for SecureJarResource(trade_cycling)
[27Aug2025 00:00:52.081] [main/DEBUG] [mixin/]: MixinPlatformAgentDefault accepted container SecureJarResource(trade_cycling)
[27Aug2025 00:00:52.082] [main/DEBUG] [mixin/]: Processing prepare() for PlatformAgent[MixinPlatformAgentDefault:SecureJarResource(trade_cycling)]
[27Aug2025 00:00:52.082] [main/DEBUG] [mixin/]: Adding mixin platform agents for container SecureJarResource(geckolib)
[27Aug2025 00:00:52.082] [main/DEBUG] [mixin/]: Instancing new MixinPlatformAgentMinecraftForge for SecureJarResource(geckolib)
[27Aug2025 00:00:52.082] [main/DEBUG] [mixin/]: MixinPlatformAgentMinecraftForge rejected container SecureJarResource(geckolib)
[27Aug2025 00:00:52.084] [main/DEBUG] [mixin/]: Instancing new MixinPlatformAgentDefault for SecureJarResource(geckolib)
[27Aug2025 00:00:52.084] [main/DEBUG] [mixin/]: MixinPlatformAgentDefault accepted container SecureJarResource(geckolib)
[27Aug2025 00:00:52.085] [main/DEBUG] [mixin/]: Processing prepare() for PlatformAgent[MixinPlatformAgentDefault:SecureJarResource(geckolib)]
[27Aug2025 00:00:52.085] [main/DEBUG] [mixin/]: Registering mixin config: geckolib.mixins.json
[27Aug2025 00:00:52.094] [main/DEBUG] [mixin/]: Compatibility level JAVA_17 specified by geckolib.mixins.json is higher than the maximum level supported by this version of mixin (JAVA_13).
[27Aug2025 00:00:52.104] [main/INFO] [mixin/]: Compatibility level set to JAVA_17
[27Aug2025 00:00:52.105] [main/DEBUG] [mixin/]: Adding mixin platform agents for container SecureJarResource(jei)
[27Aug2025 00:00:52.105] [main/DEBUG] [mixin/]: Instancing new MixinPlatformAgentMinecraftForge for SecureJarResource(jei)
[27Aug2025 00:00:52.105] [main/DEBUG] [mixin/]: MixinPlatformAgentMinecraftForge rejected container SecureJarResource(jei)
[27Aug2025 00:00:52.105] [main/DEBUG] [mixin/]: Instancing new MixinPlatformAgentDefault for SecureJarResource(jei)
[27Aug2025 00:00:52.105] [main/DEBUG] [mixin/]: MixinPlatformAgentDefault accepted container SecureJarResource(jei)
[27Aug2025 00:00:52.106] [main/DEBUG] [mixin/]: Processing prepare() for PlatformAgent[MixinPlatformAgentDefault:SecureJarResource(jei)]
[27Aug2025 00:00:52.106] [main/DEBUG] [mixin/]: Adding mixin platform agents for container SecureJarResource(carryon)
[27Aug2025 00:00:52.106] [main/DEBUG] [mixin/]: Instancing new MixinPlatformAgentMinecraftForge for SecureJarResource(carryon)
[27Aug2025 00:00:52.106] [main/DEBUG] [mixin/]: MixinPlatformAgentMinecraftForge rejected container SecureJarResource(carryon)
[27Aug2025 00:00:52.106] [main/DEBUG] [mixin/]: Instancing new MixinPlatformAgentDefault for SecureJarResource(carryon)
[27Aug2025 00:00:52.108] [main/DEBUG] [mixin/]: MixinPlatformAgentDefault accepted container SecureJarResource(carryon)
[27Aug2025 00:00:52.108] [main/DEBUG] [mixin/]: Processing prepare() for PlatformAgent[MixinPlatformAgentDefault:SecureJarResource(carryon)]
[27Aug2025 00:00:52.109] [main/DEBUG] [mixin/]: Registering mixin config: carryon.mixins.json
[27Aug2025 00:00:52.113] [main/DEBUG] [mixin/]: Registering mixin config: carryon.forge.mixins.json
[27Aug2025 00:00:52.116] [main/DEBUG] [mixin/]: Adding mixin platform agents for container SecureJarResource(tacz)
[27Aug2025 00:00:52.116] [main/DEBUG] [mixin/]: Instancing new MixinPlatformAgentMinecraftForge for SecureJarResource(tacz)
[27Aug2025 00:00:52.116] [main/DEBUG] [mixin/]: MixinPlatformAgentMinecraftForge rejected container SecureJarResource(tacz)
[27Aug2025 00:00:52.117] [main/DEBUG] [mixin/]: Instancing new MixinPlatformAgentDefault for SecureJarResource(tacz)
[27Aug2025 00:00:52.117] [main/DEBUG] [mixin/]: MixinPlatformAgentDefault accepted container SecureJarResource(tacz)
[27Aug2025 00:00:52.117] [main/DEBUG] [mixin/]: Processing prepare() for PlatformAgent[MixinPlatformAgentDefault:SecureJarResource(tacz)]
[27Aug2025 00:00:52.119] [main/DEBUG] [mixin/]: Registering mixin config: tacz.mixins.json
[27Aug2025 00:00:52.123] [main/DEBUG] [mixin/]: Adding mixin platform agents for container SecureJarResource(fallingtree)
[27Aug2025 00:00:52.124] [main/DEBUG] [mixin/]: Instancing new MixinPlatformAgentMinecraftForge for SecureJarResource(fallingtree)
[27Aug2025 00:00:52.124] [main/DEBUG] [mixin/]: MixinPlatformAgentMinecraftForge rejected container SecureJarResource(fallingtree)
[27Aug2025 00:00:52.124] [main/DEBUG] [mixin/]: Instancing new MixinPlatformAgentDefault for SecureJarResource(fallingtree)
[27Aug2025 00:00:52.124] [main/DEBUG] [mixin/]: MixinPlatformAgentDefault accepted container SecureJarResource(fallingtree)
[27Aug2025 00:00:52.124] [main/DEBUG] [mixin/]: Processing prepare() for PlatformAgent[MixinPlatformAgentDefault:SecureJarResource(fallingtree)]
[27Aug2025 00:00:52.124] [main/DEBUG] [mixin/]: Adding mixin platform agents for container SecureJarResource(notenoughexperience)
[27Aug2025 00:00:52.124] [main/DEBUG] [mixin/]: Instancing new MixinPlatformAgentMinecraftForge for SecureJarResource(notenoughexperience)
[27Aug2025 00:00:52.125] [main/DEBUG] [mixin/]: MixinPlatformAgentMinecraftForge rejected container SecureJarResource(notenoughexperience)
[27Aug2025 00:00:52.125] [main/DEBUG] [mixin/]: Instancing new MixinPlatformAgentDefault for SecureJarResource(notenoughexperience)
[27Aug2025 00:00:52.125] [main/DEBUG] [mixin/]: MixinPlatformAgentDefault accepted container SecureJarResource(notenoughexperience)
[27Aug2025 00:00:52.125] [main/DEBUG] [mixin/]: Processing prepare() for PlatformAgent[MixinPlatformAgentDefault:SecureJarResource(notenoughexperience)]
[27Aug2025 00:00:52.127] [main/DEBUG] [mixin/]: Registering mixin config: mixins.notenoughexperience.json
[27Aug2025 00:00:52.131] [main/DEBUG] [mixin/]: Adding mixin platform agents for container SecureJarResource(dynamiclights)
[27Aug2025 00:00:52.132] [main/DEBUG] [mixin/]: Instancing new MixinPlatformAgentMinecraftForge for SecureJarResource(dynamiclights)
[27Aug2025 00:00:52.132] [main/DEBUG] [mixin/]: MixinPlatformAgentMinecraftForge rejected container SecureJarResource(dynamiclights)
[27Aug2025 00:00:52.132] [main/DEBUG] [mixin/]: Instancing new MixinPlatformAgentDefault for SecureJarResource(dynamiclights)
[27Aug2025 00:00:52.132] [main/DEBUG] [mixin/]: MixinPlatformAgentDefault accepted container SecureJarResource(dynamiclights)
[27Aug2025 00:00:52.132] [main/DEBUG] [mixin/]: Processing prepare() for PlatformAgent[MixinPlatformAgentDefault:SecureJarResource(dynamiclights)]
[27Aug2025 00:00:52.132] [main/DEBUG] [mixin/]: Adding mixin platform agents for container SecureJarResource(cloth_config)
[27Aug2025 00:00:52.132] [main/DEBUG] [mixin/]: Instancing new MixinPlatformAgentMinecraftForge for SecureJarResource(cloth_config)
[27Aug2025 00:00:52.132] [main/DEBUG] [mixin/]: MixinPlatformAgentMinecraftForge rejected container SecureJarResource(cloth_config)
[27Aug2025 00:00:52.133] [main/DEBUG] [mixin/]: Instancing new MixinPlatformAgentDefault for SecureJarResource(cloth_config)
[27Aug2025 00:00:52.133] [main/DEBUG] [mixin/]: MixinPlatformAgentDefault accepted container SecureJarResource(cloth_config)
[27Aug2025 00:00:52.133] [main/DEBUG] [mixin/]: Processing prepare() for PlatformAgent[MixinPlatformAgentDefault:SecureJarResource(cloth_config)]
[27Aug2025 00:00:52.135] [main/DEBUG] [mixin/]: Adding mixin platform agents for container SecureJarResource(forge)
[27Aug2025 00:00:52.135] [main/DEBUG] [mixin/]: Instancing new MixinPlatformAgentMinecraftForge for SecureJarResource(forge)
[27Aug2025 00:00:52.135] [main/DEBUG] [mixin/]: MixinPlatformAgentMinecraftForge rejected container SecureJarResource(forge)
[27Aug2025 00:00:52.135] [main/DEBUG] [mixin/]: Instancing new MixinPlatformAgentDefault for SecureJarResource(forge)
[27Aug2025 00:00:52.136] [main/DEBUG] [mixin/]: MixinPlatformAgentDefault accepted container SecureJarResource(forge)
[27Aug2025 00:00:52.137] [main/DEBUG] [mixin/]: Processing prepare() for PlatformAgent[MixinPlatformAgentDefault:SecureJarResource(forge)]
[27Aug2025 00:00:52.137] [main/DEBUG] [mixin/]: Adding mixin platform agents for container SecureJarResource(infinitetrading)
[27Aug2025 00:00:52.137] [main/DEBUG] [mixin/]: Instancing new MixinPlatformAgentMinecraftForge for SecureJarResource(infinitetrading)
[27Aug2025 00:00:52.137] [main/DEBUG] [mixin/]: MixinPlatformAgentMinecraftForge rejected container SecureJarResource(infinitetrading)
[27Aug2025 00:00:52.137] [main/DEBUG] [mixin/]: Instancing new MixinPlatformAgentDefault for SecureJarResource(infinitetrading)
[27Aug2025 00:00:52.137] [main/DEBUG] [mixin/]: MixinPlatformAgentDefault accepted container SecureJarResource(infinitetrading)
[27Aug2025 00:00:52.137] [main/DEBUG] [mixin/]: Processing prepare() for PlatformAgent[MixinPlatformAgentDefault:SecureJarResource(infinitetrading)]
[27Aug2025 00:00:52.137] [main/DEBUG] [mixin/]: Registering mixin config: infinitetrading_forge.mixins.json
[27Aug2025 00:00:52.143] [main/DEBUG] [mixin/]: Adding mixin platform agents for container SecureJarResource(twilightforest)
[27Aug2025 00:00:52.144] [main/DEBUG] [mixin/]: Instancing new MixinPlatformAgentMinecraftForge for SecureJarResource(twilightforest)
[27Aug2025 00:00:52.144] [main/DEBUG] [mixin/]: MixinPlatformAgentMinecraftForge rejected container SecureJarResource(twilightforest)
[27Aug2025 00:00:52.144] [main/DEBUG] [mixin/]: Instancing new MixinPlatformAgentDefault for SecureJarResource(twilightforest)
[27Aug2025 00:00:52.144] [main/DEBUG] [mixin/]: MixinPlatformAgentDefault accepted container SecureJarResource(twilightforest)
[27Aug2025 00:00:52.144] [main/DEBUG] [mixin/]: Processing prepare() for PlatformAgent[MixinPlatformAgentDefault:SecureJarResource(twilightforest)]
[27Aug2025 00:00:52.145] [main/DEBUG] [mixin/]: Adding mixin platform agents for container SecureJarResource(sound_physics_remastered)
[27Aug2025 00:00:52.145] [main/DEBUG] [mixin/]: Instancing new MixinPlatformAgentMinecraftForge for SecureJarResource(sound_physics_remastered)
[27Aug2025 00:00:52.145] [main/DEBUG] [mixin/]: MixinPlatformAgentMinecraftForge rejected container SecureJarResource(sound_physics_remastered)
[27Aug2025 00:00:52.145] [main/DEBUG] [mixin/]: Instancing new MixinPlatformAgentDefault for SecureJarResource(sound_physics_remastered)
[27Aug2025 00:00:52.146] [main/DEBUG] [mixin/]: MixinPlatformAgentDefault accepted container SecureJarResource(sound_physics_remastered)
[27Aug2025 00:00:52.147] [main/DEBUG] [mixin/]: Processing prepare() for PlatformAgent[MixinPlatformAgentDefault:SecureJarResource(sound_physics_remastered)]
[27Aug2025 00:00:52.147] [main/DEBUG] [mixin/]: Adding mixin platform agents for container SecureJarResource(collective)
[27Aug2025 00:00:52.147] [main/DEBUG] [mixin/]: Instancing new MixinPlatformAgentMinecraftForge for SecureJarResource(collective)
[27Aug2025 00:00:52.147] [main/DEBUG] [mixin/]: MixinPlatformAgentMinecraftForge rejected container SecureJarResource(collective)
[27Aug2025 00:00:52.147] [main/DEBUG] [mixin/]: Instancing new MixinPlatformAgentDefault for SecureJarResource(collective)
[27Aug2025 00:00:52.147] [main/DEBUG] [mixin/]: MixinPlatformAgentDefault accepted container SecureJarResource(collective)
[27Aug2025 00:00:52.147] [main/DEBUG] [mixin/]: Processing prepare() for PlatformAgent[MixinPlatformAgentDefault:SecureJarResource(collective)]
[27Aug2025 00:00:52.147] [main/DEBUG] [mixin/]: Registering mixin config: collective_forge.mixins.json
[27Aug2025 00:00:52.151] [main/DEBUG] [mixin/]: Adding mixin platform agents for container SecureJarResource(journeymap)
[27Aug2025 00:00:52.152] [main/DEBUG] [mixin/]: Instancing new MixinPlatformAgentMinecraftForge for SecureJarResource(journeymap)
[27Aug2025 00:00:52.152] [main/DEBUG] [mixin/]: MixinPlatformAgentMinecraftForge rejected container SecureJarResource(journeymap)
[27Aug2025 00:00:52.152] [main/DEBUG] [mixin/]: Instancing new MixinPlatformAgentDefault for SecureJarResource(journeymap)
[27Aug2025 00:00:52.154] [main/DEBUG] [mixin/]: MixinPlatformAgentDefault accepted container SecureJarResource(journeymap)
[27Aug2025 00:00:52.154] [main/DEBUG] [mixin/]: Processing prepare() for PlatformAgent[MixinPlatformAgentDefault:SecureJarResource(journeymap)]
[27Aug2025 00:00:52.154] [main/DEBUG] [mixin/]: Registering mixin config: journeymap.mixins.json
[27Aug2025 00:00:52.156] [main/DEBUG] [mixin/]: Adding mixin platform agents for container SecureJarResource(mclib)
[27Aug2025 00:00:52.156] [main/DEBUG] [mixin/]: Instancing new MixinPlatformAgentMinecraftForge for SecureJarResource(mclib)
[27Aug2025 00:00:52.159] [main/DEBUG] [mixin/]: MixinPlatformAgentMinecraftForge rejected container SecureJarResource(mclib)
[27Aug2025 00:00:52.159] [main/DEBUG] [mixin/]: Instancing new MixinPlatformAgentDefault for SecureJarResource(mclib)
[27Aug2025 00:00:52.160] [main/DEBUG] [mixin/]: MixinPlatformAgentDefault accepted container SecureJarResource(mclib)
[27Aug2025 00:00:52.160] [main/DEBUG] [mixin/]: Processing prepare() for PlatformAgent[MixinPlatformAgentDefault:SecureJarResource(mclib)]
[27Aug2025 00:00:52.160] [main/DEBUG] [mixin/]: Adding mixin platform agents for container SecureJarResource(MixinExtras)
[27Aug2025 00:00:52.160] [main/DEBUG] [mixin/]: Instancing new MixinPlatformAgentMinecraftForge for SecureJarResource(MixinExtras)
[27Aug2025 00:00:52.160] [main/DEBUG] [mixin/]: MixinPlatformAgentMinecraftForge rejected container SecureJarResource(MixinExtras)
[27Aug2025 00:00:52.160] [main/DEBUG] [mixin/]: Instancing new MixinPlatformAgentDefault for SecureJarResource(MixinExtras)
[27Aug2025 00:00:52.160] [main/DEBUG] [mixin/]: MixinPlatformAgentDefault accepted container SecureJarResource(MixinExtras)
[27Aug2025 00:00:52.160] [main/DEBUG] [mixin/]: Processing prepare() for PlatformAgent[MixinPlatformAgentDefault:SecureJarResource(MixinExtras)]
[27Aug2025 00:00:52.161] [main/DEBUG] [mixin/]: Adding mixin platform agents for container SecureJarResource(luaj.jse.figura)
[27Aug2025 00:00:52.161] [main/DEBUG] [mixin/]: Instancing new MixinPlatformAgentMinecraftForge for SecureJarResource(luaj.jse.figura)
[27Aug2025 00:00:52.161] [main/DEBUG] [mixin/]: MixinPlatformAgentMinecraftForge rejected container SecureJarResource(luaj.jse.figura)
[27Aug2025 00:00:52.163] [main/DEBUG] [mixin/]: Instancing new MixinPlatformAgentDefault for SecureJarResource(luaj.jse.figura)
[27Aug2025 00:00:52.163] [main/DEBUG] [mixin/]: MixinPlatformAgentDefault accepted container SecureJarResource(luaj.jse.figura)
[27Aug2025 00:00:52.164] [main/DEBUG] [mixin/]: Processing prepare() for PlatformAgent[MixinPlatformAgentDefault:SecureJarResource(luaj.jse.figura)]
[27Aug2025 00:00:52.164] [main/DEBUG] [mixin/]: Adding mixin platform agents for container SecureJarResource(org.apache.bcel)
[27Aug2025 00:00:52.164] [main/DEBUG] [mixin/]: Instancing new MixinPlatformAgentMinecraftForge for SecureJarResource(org.apache.bcel)
[27Aug2025 00:00:52.164] [main/DEBUG] [mixin/]: MixinPlatformAgentMinecraftForge rejected container SecureJarResource(org.apache.bcel)
[27Aug2025 00:00:52.164] [main/DEBUG] [mixin/]: Instancing new MixinPlatformAgentDefault for SecureJarResource(org.apache.bcel)
[27Aug2025 00:00:52.164] [main/DEBUG] [mixin/]: MixinPlatformAgentDefault accepted container SecureJarResource(org.apache.bcel)
[27Aug2025 00:00:52.164] [main/DEBUG] [mixin/]: Processing prepare() for PlatformAgent[MixinPlatformAgentDefault:SecureJarResource(org.apache.bcel)]
[27Aug2025 00:00:52.164] [main/DEBUG] [mixin/]: Adding mixin platform agents for container SecureJarResource(luaj.core.figura)
[27Aug2025 00:00:52.165] [main/DEBUG] [mixin/]: Instancing new MixinPlatformAgentMinecraftForge for SecureJarResource(luaj.core.figura)
[27Aug2025 00:00:52.165] [main/DEBUG] [mixin/]: MixinPlatformAgentMinecraftForge rejected container SecureJarResource(luaj.core.figura)
[27Aug2025 00:00:52.165] [main/DEBUG] [mixin/]: Instancing new MixinPlatformAgentDefault for SecureJarResource(luaj.core.figura)
[27Aug2025 00:00:52.165] [main/DEBUG] [mixin/]: MixinPlatformAgentDefault accepted container SecureJarResource(luaj.core.figura)
[27Aug2025 00:00:52.165] [main/DEBUG] [mixin/]: Processing prepare() for PlatformAgent[MixinPlatformAgentDefault:SecureJarResource(luaj.core.figura)]
[27Aug2025 00:00:52.167] [main/DEBUG] [mixin/]: Adding mixin platform agents for container SecureJarResource(commons.math3)
[27Aug2025 00:00:52.167] [main/DEBUG] [mixin/]: Instancing new MixinPlatformAgentMinecraftForge for SecureJarResource(commons.math3)
[27Aug2025 00:00:52.168] [main/DEBUG] [mixin/]: MixinPlatformAgentMinecraftForge rejected container SecureJarResource(commons.math3)
[27Aug2025 00:00:52.168] [main/DEBUG] [mixin/]: Instancing new MixinPlatformAgentDefault for SecureJarResource(commons.math3)
[27Aug2025 00:00:52.168] [main/DEBUG] [mixin/]: MixinPlatformAgentDefault accepted container SecureJarResource(commons.math3)
[27Aug2025 00:00:52.168] [main/DEBUG] [mixin/]: Processing prepare() for PlatformAgent[MixinPlatformAgentDefault:SecureJarResource(commons.math3)]
[27Aug2025 00:00:52.168] [main/DEBUG] [mixin/]: inject() running with 24 agents
[27Aug2025 00:00:52.168] [main/DEBUG] [mixin/]: Processing inject() for PlatformAgent[MixinPlatformAgentDefault:ModLauncher Root Container(ModLauncher:4f56a0a2)]
[27Aug2025 00:00:52.168] [main/DEBUG] [mixin/]: Processing inject() for PlatformAgent[MixinPlatformAgentDefault:SecureJarResource(minecraft)]
[27Aug2025 00:00:52.168] [main/DEBUG] [mixin/]: Processing inject() for PlatformAgent[MixinPlatformAgentDefault:SecureJarResource(mixinextras)]
[27Aug2025 00:00:52.168] [main/DEBUG] [mixin/]: Processing inject() for PlatformAgent[MixinPlatformAgentDefault:SecureJarResource(trade_cycling)]
[27Aug2025 00:00:52.168] [main/DEBUG] [mixin/]: Processing inject() for PlatformAgent[MixinPlatformAgentDefault:SecureJarResource(geckolib)]
[27Aug2025 00:00:52.169] [main/DEBUG] [mixin/]: Processing inject() for PlatformAgent[MixinPlatformAgentDefault:SecureJarResource(jei)]
[27Aug2025 00:00:52.169] [main/DEBUG] [mixin/]: Processing inject() for PlatformAgent[MixinPlatformAgentDefault:SecureJarResource(carryon)]
[27Aug2025 00:00:52.169] [main/DEBUG] [mixin/]: Processing inject() for PlatformAgent[MixinPlatformAgentDefault:SecureJarResource(tacz)]
[27Aug2025 00:00:52.171] [main/DEBUG] [mixin/]: Processing inject() for PlatformAgent[MixinPlatformAgentDefault:SecureJarResource(fallingtree)]
[27Aug2025 00:00:52.171] [main/DEBUG] [mixin/]: Processing inject() for PlatformAgent[MixinPlatformAgentDefault:SecureJarResource(notenoughexperience)]
[27Aug2025 00:00:52.171] [main/DEBUG] [mixin/]: Processing inject() for PlatformAgent[MixinPlatformAgentDefault:SecureJarResource(dynamiclights)]
[27Aug2025 00:00:52.172] [main/DEBUG] [mixin/]: Processing inject() for PlatformAgent[MixinPlatformAgentDefault:SecureJarResource(cloth_config)]
[27Aug2025 00:00:52.172] [main/DEBUG] [mixin/]: Processing inject() for PlatformAgent[MixinPlatformAgentDefault:SecureJarResource(forge)]
[27Aug2025 00:00:52.172] [main/DEBUG] [mixin/]: Processing inject() for PlatformAgent[MixinPlatformAgentDefault:SecureJarResource(infinitetrading)]
[27Aug2025 00:00:52.172] [main/DEBUG] [mixin/]: Processing inject() for PlatformAgent[MixinPlatformAgentDefault:SecureJarResource(twilightforest)]
[27Aug2025 00:00:52.172] [main/DEBUG] [mixin/]: Processing inject() for PlatformAgent[MixinPlatformAgentDefault:SecureJarResource(sound_physics_remastered)]
[27Aug2025 00:00:52.172] [main/DEBUG] [mixin/]: Processing inject() for PlatformAgent[MixinPlatformAgentDefault:SecureJarResource(collective)]
[27Aug2025 00:00:52.173] [main/DEBUG] [mixin/]: Processing inject() for PlatformAgent[MixinPlatformAgentDefault:SecureJarResource(journeymap)]
[27Aug2025 00:00:52.173] [main/DEBUG] [mixin/]: Processing inject() for PlatformAgent[MixinPlatformAgentDefault:SecureJarResource(mclib)]
[27Aug2025 00:00:52.173] [main/DEBUG] [mixin/]: Processing inject() for PlatformAgent[MixinPlatformAgentDefault:SecureJarResource(MixinExtras)]
[27Aug2025 00:00:52.173] [main/DEBUG] [mixin/]: Processing inject() for PlatformAgent[MixinPlatformAgentDefault:SecureJarResource(luaj.jse.figura)]
[27Aug2025 00:00:52.175] [main/DEBUG] [mixin/]: Processing inject() for PlatformAgent[MixinPlatformAgentDefault:SecureJarResource(org.apache.bcel)]
[27Aug2025 00:00:52.175] [main/DEBUG] [mixin/]: Processing inject() for PlatformAgent[MixinPlatformAgentDefault:SecureJarResource(luaj.core.figura)]
[27Aug2025 00:00:52.175] [main/DEBUG] [mixin/]: Processing inject() for PlatformAgent[MixinPlatformAgentDefault:SecureJarResource(commons.math3)]
[27Aug2025 00:00:52.304] [main/DEBUG] [mixin/]: Error cleaning class output directory: .mixin.out
[27Aug2025 00:00:52.307] [main/DEBUG] [mixin/]: Preparing mixins for MixinEnvironment[PREINIT]
[27Aug2025 00:00:52.320] [main/INFO] [mixin/]: Successfully loaded Mixin Connector [de.maxhenkel.tradecycling.MixinConnector]
[27Aug2025 00:00:52.322] [main/INFO] [mixin/]: Successfully loaded Mixin Connector [com.sonicether.soundphysics.MixinConnector]
[27Aug2025 00:00:52.326] [main/INFO] [cpw.mods.modlauncher.LaunchServiceHandler/MODLAUNCHER]: Launching target 'forgeserver' with arguments [%*]
[27Aug2025 00:00:52.330] [main/DEBUG] [mixin/]: Preparing mixins for MixinEnvironment[DEFAULT]
[27Aug2025 00:00:52.330] [main/DEBUG] [mixin/]: Selecting config mixinextras.init.mixins.json
[27Aug2025 00:00:52.473] [main/DEBUG] [MixinExtras|Service/]: com.llamalad7.mixinextras.service.MixinExtrasServiceImpl(version=0.3.6) is taking over from null
[27Aug2025 00:00:52.625] [main/DEBUG] [mixin/]: Registering new injector for @Inject with org.spongepowered.asm.mixin.injection.struct.CallbackInjectionInfo
[27Aug2025 00:00:52.633] [main/DEBUG] [mixin/]: Registering new injector for @ModifyArg with org.spongepowered.asm.mixin.injection.struct.ModifyArgInjectionInfo
[27Aug2025 00:00:52.638] [main/DEBUG] [mixin/]: Registering new injector for @ModifyArgs with org.spongepowered.asm.mixin.injection.struct.ModifyArgsInjectionInfo
[27Aug2025 00:00:52.646] [main/DEBUG] [mixin/]: Registering new injector for @Redirect with org.spongepowered.asm.mixin.injection.struct.RedirectInjectionInfo
[27Aug2025 00:00:52.652] [main/DEBUG] [mixin/]: Registering new injector for @ModifyVariable with org.spongepowered.asm.mixin.injection.struct.ModifyVariableInjectionInfo
[27Aug2025 00:00:52.661] [main/DEBUG] [mixin/]: Registering new injector for @ModifyConstant with org.spongepowered.asm.mixin.injection.struct.ModifyConstantInjectionInfo
[27Aug2025 00:00:52.724] [main/DEBUG] [mixin/]: Selecting config geckolib.mixins.json
[27Aug2025 00:00:52.728] [main/DEBUG] [mixin/]: Selecting config carryon.mixins.json
[27Aug2025 00:00:52.734] [main/DEBUG] [mixin/]: Selecting config carryon.forge.mixins.json
[27Aug2025 00:00:52.737] [main/DEBUG] [mixin/]: Selecting config tacz.mixins.json
[27Aug2025 00:00:52.741] [main/DEBUG] [mixin/]: Selecting config mixins.notenoughexperience.json
[27Aug2025 00:00:52.744] [main/DEBUG] [mixin/]: Selecting config infinitetrading_forge.mixins.json
[27Aug2025 00:00:52.750] [main/DEBUG] [mixin/]: Selecting config collective_forge.mixins.json
[27Aug2025 00:00:52.753] [main/DEBUG] [mixin/]: Selecting config journeymap.mixins.json
[27Aug2025 00:00:52.757] [main/DEBUG] [mixin/]: Selecting config trade_cycling.mixins.json
[27Aug2025 00:00:52.762] [main/DEBUG] [mixin/]: Selecting config sound_physics_remastered.mixins.json
[27Aug2025 00:00:52.766] [main/DEBUG] [mixin/]: Preparing mixinextras.init.mixins.json (0)
[27Aug2025 00:00:52.768] [main/DEBUG] [mixin/]: Preparing geckolib.mixins.json (1)
[27Aug2025 00:00:52.769] [main/DEBUG] [mixin/]: Preparing carryon.mixins.json (5)
[27Aug2025 00:00:53.047] [main/DEBUG] [mixin/]: Preparing carryon.forge.mixins.json (0)
[27Aug2025 00:00:53.047] [main/DEBUG] [mixin/]: Preparing tacz.mixins.json (14)
[27Aug2025 00:00:53.278] [main/DEBUG] [mixin/]: Preparing mixins.notenoughexperience.json (7)
[27Aug2025 00:00:53.373] [main/DEBUG] [net.minecraftforge.coremod.transformer.CoreModBaseTransformer/COREMOD]: Transforming net/minecraft/world/entity/npc/Villager
[27Aug2025 00:00:54.346] [main/DEBUG] [mixin/]: Preparing infinitetrading_forge.mixins.json (0)
[27Aug2025 00:00:54.346] [main/DEBUG] [mixin/]: Preparing collective_forge.mixins.json (5)
[27Aug2025 00:00:54.360] [main/DEBUG] [mixin/]: Preparing journeymap.mixins.json (3)
[27Aug2025 00:00:54.361] [main/DEBUG] [mixin/]: Preparing trade_cycling.mixins.json (3)
[27Aug2025 00:00:54.375] [main/DEBUG] [mixin/]: Preparing sound_physics_remastered.mixins.json (11)
[27Aug2025 00:00:54.430] [main/DEBUG] [mixin/]: Prepared 21 mixins in 2.099 sec (100.0ms avg) (0ms load, 0ms transform, 0ms plugin)
[27Aug2025 00:00:54.517] [main/DEBUG] [io.netty.util.internal.logging.InternalLoggerFactory/]: Using SLF4J as the default logging framework
[27Aug2025 00:00:54.524] [main/DEBUG] [io.netty.util.ResourceLeakDetector/]: -Dio.netty.leakDetection.level: simple
[27Aug2025 00:00:54.524] [main/DEBUG] [io.netty.util.ResourceLeakDetector/]: -Dio.netty.leakDetection.targetRecords: 4
[27Aug2025 00:00:55.169] [main/DEBUG] [oshi.util.FileUtil/]: No oshi.properties file found from ClassLoader cpw.mods.modlauncher.TransformingClassLoader@3f63a513
[27Aug2025 00:00:55.170] [main/DEBUG] [oshi.util.FileUtil/]: No oshi.properties file found from ClassLoader jdk.internal.loader.ClassLoaders$AppClassLoader@5305068a
[27Aug2025 00:00:55.379] [main/DEBUG] [oshi.util.FileUtil/]: Reading file /proc/self/auxv
[27Aug2025 00:00:55.383] [main/DEBUG] [oshi.util.FileUtil/]: Reading file /proc/self/auxv
[27Aug2025 00:00:55.404] [main/DEBUG] [oshi.util.FileUtil/]: Reading file /proc/stat
[27Aug2025 00:00:55.440] [main/DEBUG] [oshi.util.FileUtil/]: Reading file /sys/devices/system/cpu/cpu0/topology/core_id
[27Aug2025 00:00:55.442] [main/DEBUG] [oshi.util.FileUtil/]: Reading file /sys/devices/system/cpu/cpu0/topology/core_id
[27Aug2025 00:00:55.443] [main/DEBUG] [oshi.util.FileUtil/]: Reading file /sys/devices/system/cpu/cpu0/topology/physical_package_id
[27Aug2025 00:00:55.443] [main/DEBUG] [oshi.util.FileUtil/]: Reading file /sys/devices/system/cpu/cpu0/topology/physical_package_id
[27Aug2025 00:00:55.443] [main/DEBUG] [oshi.util.FileUtil/]: Reading file /sys/devices/system/cpu/cpu0/cpu_capacity
[27Aug2025 00:00:55.455] [main/DEBUG] [oshi.util.FileUtil/]: Reading file /sys/devices/system/cpu/cpu1/topology/core_id
[27Aug2025 00:00:55.456] [main/DEBUG] [oshi.util.FileUtil/]: Reading file /sys/devices/system/cpu/cpu1/topology/core_id
[27Aug2025 00:00:55.456] [main/DEBUG] [oshi.util.FileUtil/]: Reading file /sys/devices/system/cpu/cpu1/topology/physical_package_id
[27Aug2025 00:00:55.456] [main/DEBUG] [oshi.util.FileUtil/]: Reading file /sys/devices/system/cpu/cpu1/topology/physical_package_id
[27Aug2025 00:00:55.457] [main/DEBUG] [oshi.util.FileUtil/]: Reading file /sys/devices/system/cpu/cpu1/cpu_capacity
[27Aug2025 00:00:55.473] [main/DEBUG] [oshi.util.FileUtil/]: Reading file /proc/cpuinfo
[27Aug2025 00:00:55.498] [main/DEBUG] [oshi.util.FileUtil/]: No oshi.architecture.properties file found from ClassLoader cpw.mods.modlauncher.TransformingClassLoader@3f63a513
[27Aug2025 00:00:55.500] [main/DEBUG] [oshi.util.FileUtil/]: No oshi.architecture.properties file found from ClassLoader jdk.internal.loader.ClassLoaders$AppClassLoader@5305068a
[27Aug2025 00:00:55.802] [main/DEBUG] [oshi.util.FileUtil/]: Reading file /proc/meminfo
[27Aug2025 00:00:55.806] [main/DEBUG] [oshi.util.FileUtil/]: Reading file /proc/meminfo
[27Aug2025 00:00:56.048] [main/INFO] [MixinExtras|Service/]: Initializing MixinExtras via com.llamalad7.mixinextras.service.MixinExtrasServiceImpl(version=0.3.6).
[27Aug2025 00:00:56.051] [main/DEBUG] [mixin/]: Registering new injector for @SugarWrapper with com.llamalad7.mixinextras.sugar.impl.SugarWrapperInjectionInfo
[27Aug2025 00:00:56.053] [main/DEBUG] [mixin/]: Registering new injector for @FactoryRedirectWrapper with com.llamalad7.mixinextras.wrapper.factory.FactoryRedirectWrapperInjectionInfo
[27Aug2025 00:00:56.063] [main/DEBUG] [mixin/]: Mixing SoundEventMixin from sound_physics_remastered.mixins.json into net.minecraft.sounds.SoundEvent
[27Aug2025 00:00:56.261] [main/DEBUG] [mixin/]: Mixing EntityMixin from carryon.mixins.json into net.minecraft.world.entity.Entity
[27Aug2025 00:00:56.331] [main/DEBUG] [mixin/]: Mixing EntityMixin from sound_physics_remastered.mixins.json into net.minecraft.world.entity.Entity
[27Aug2025 00:00:56.581] [main/DEBUG] [mixin/]: Mixing common.LivingEntityMixin from tacz.mixins.json into net.minecraft.world.entity.LivingEntity
[27Aug2025 00:00:56.613] [main/DEBUG] [net.minecraftforge.coremod.transformer.CoreModBaseTransformer/COREMOD]: Transforming net/minecraft/world/item/ItemStack
[27Aug2025 00:00:56.652] [main/DEBUG] [mixin/]: Renaming synthetic method lambda$initialData$0()Lnet/minecraft/world/item/ItemStack; to md38075b$lambda$initialData$0$0 in tacz.mixins.json:common.LivingEntityMixin
[27Aug2025 00:00:56.780] [main/DEBUG] [net.minecraftforge.coremod.transformer.CoreModBaseTransformer/COREMOD]: Transforming m_46758_ with desc (Lnet/minecraft/core/BlockPos;)Z
[27Aug2025 00:00:56.931] [main/DEBUG] [net.minecraftforge.coremod.transformer.CoreModBaseTransformer/COREMOD]: Transforming net/minecraft/world/entity/EntityType
[27Aug2025 00:00:57.378] [main/DEBUG] [net.minecraftforge.coremod.transformer.CoreModBaseTransformer/COREMOD]: Transforming m_46758_ with desc (Lnet/minecraft/core/BlockPos;)Z
[27Aug2025 00:00:57.442] [main/DEBUG] [mixin/]: Mixing PlayerMixin from carryon.mixins.json into net.minecraft.world.entity.player.Player
[27Aug2025 00:00:57.585] [main/DEBUG] [net.minecraftforge.coremod.transformer.CoreModBaseTransformer/COREMOD]: Transforming m_41435_ with desc (Lnet/minecraft/world/level/Level;Lnet/minecraft/world/entity/player/Player;Lnet/minecraft/world/level/ClipContext$Fluid;)Lnet/minecraft/world/phys/BlockHitResult;
[27Aug2025 00:00:57.621] [main/DEBUG] [net.minecraftforge.coremod.transformer.CoreModBaseTransformer/COREMOD]: Transforming net/minecraft/world/entity/EntityType
[27Aug2025 00:00:58.432] [main/DEBUG] [net.minecraftforge.coremod.transformer.CoreModBaseTransformer/COREMOD]: Transforming net/minecraft/world/level/block/LiquidBlock
[27Aug2025 00:00:58.498] [main/DEBUG] [net.minecraftforge.coremod.transformer.CoreModBaseTransformer/COREMOD]: Transforming m_7898_ with desc (Lnet/minecraft/world/level/block/state/BlockState;Lnet/minecraft/world/level/LevelReader;Lnet/minecraft/core/BlockPos;)Z
[27Aug2025 00:00:58.537] [main/DEBUG] [net.minecraftforge.coremod.transformer.CoreModBaseTransformer/COREMOD]: Transforming net/minecraft/world/level/block/StairBlock
[27Aug2025 00:00:58.708] [main/DEBUG] [net.minecraftforge.coremod.transformer.CoreModBaseTransformer/COREMOD]: Transforming net/minecraft/world/level/block/FlowerPotBlock
[27Aug2025 00:00:59.187] [main/DEBUG] [mixin/]: Mixing BlockEntityMixin from collective_forge.mixins.json into net.minecraft.world.level.block.entity.BlockEntity
[27Aug2025 00:01:00.603] [main/DEBUG] [mixin/]: Mixing AbstractFurnaceMixin from mixins.notenoughexperience.json into net.minecraft.world.level.block.entity.AbstractFurnaceBlockEntity
[27Aug2025 00:01:01.120] [main/DEBUG] [net.minecraftforge.coremod.transformer.CoreModBaseTransformer/COREMOD]: Transforming net/minecraft/world/item/ItemStack
[27Aug2025 00:01:01.516] [main/DEBUG] [mixin/]: Mixing BreedingMixin from mixins.notenoughexperience.json into net.minecraft.world.entity.animal.Animal
[27Aug2025 00:01:02.450] [main/DEBUG] [net.minecraftforge.coremod.transformer.CoreModBaseTransformer/COREMOD]: Transforming net/minecraft/world/entity/animal/frog/Tadpole
[27Aug2025 00:01:02.561] [main/DEBUG] [net.minecraftforge.coremod.transformer.CoreModBaseTransformer/COREMOD]: Transforming net/minecraft/world/item/BucketItem
[27Aug2025 00:01:02.587] [main/DEBUG] [mixin/]: Mixing BoneMealItemMixin from collective_forge.mixins.json into net.minecraft.world.item.BoneMealItem
[27Aug2025 00:01:02.589] [main/DEBUG] [net.minecraftforge.coremod.transformer.CoreModBaseTransformer/COREMOD]: Transforming m_41435_ with desc (Lnet/minecraft/world/level/Level;Lnet/minecraft/world/entity/player/Player;Lnet/minecraft/world/level/ClipContext$Fluid;)Lnet/minecraft/world/phys/BlockHitResult;
[27Aug2025 00:01:02.617] [main/DEBUG] [net.minecraftforge.coremod.transformer.CoreModBaseTransformer/COREMOD]: Transforming m_7373_ with desc (Lnet/minecraft/world/item/ItemStack;Lnet/minecraft/world/level/Level;Ljava/util/List;Lnet/minecraft/world/item/TooltipFlag;)V
[27Aug2025 00:01:02.662] [main/DEBUG] [net.minecraftforge.coremod.transformer.CoreModBaseTransformer/COREMOD]: Transforming m_7626_ with desc (Lnet/minecraft/world/item/ItemStack;)Lnet/minecraft/network/chat/Component;
[27Aug2025 00:01:02.853] [main/DEBUG] [net.minecraftforge.coremod.transformer.CoreModBaseTransformer/COREMOD]: Transforming m_7088_ with desc ()Z
[27Aug2025 00:01:04.581] [main/DEBUG] [net.minecraftforge.coremod.transformer.CoreModBaseTransformer/COREMOD]: Transforming net/minecraft/world/entity/monster/Spider
[27Aug2025 00:01:04.683] [main/DEBUG] [net.minecraftforge.coremod.transformer.CoreModBaseTransformer/COREMOD]: Transforming net/minecraft/world/entity/monster/Zombie
[27Aug2025 00:01:04.767] [main/DEBUG] [net.minecraftforge.coremod.transformer.CoreModBaseTransformer/COREMOD]: Transforming net/minecraft/world/entity/monster/ZombieVillager
[27Aug2025 00:01:04.921] [main/DEBUG] [net.minecraftforge.coremod.transformer.CoreModBaseTransformer/COREMOD]: Transforming net/minecraft/world/entity/monster/Evoker$EvokerSummonSpellGoal
[27Aug2025 00:01:04.938] [main/DEBUG] [mixin/]: Mixing ExperienceBottleMixin from mixins.notenoughexperience.json into net.minecraft.world.entity.projectile.ThrownExperienceBottle
[27Aug2025 00:01:05.012] [main/DEBUG] [net.minecraftforge.coremod.transformer.CoreModBaseTransformer/COREMOD]: Transforming m_218868_ with desc ()Ljava/util/OptionalInt;
[27Aug2025 00:01:05.244] [main/DEBUG] [net.minecraftforge.coremod.transformer.CoreModBaseTransformer/COREMOD]: Transforming net/minecraft/world/entity/animal/horse/SkeletonTrapGoal
[27Aug2025 00:01:05.280] [main/DEBUG] [net.minecraftforge.coremod.transformer.CoreModBaseTransformer/COREMOD]: Transforming net/minecraft/world/entity/monster/Strider
[27Aug2025 00:01:05.389] [main/DEBUG] [mixin/]: Mixing common.ServerPlayerMixin from tacz.mixins.json into net.minecraft.server.level.ServerPlayer
[27Aug2025 00:01:05.498] [main/DEBUG] [net.minecraftforge.coremod.transformer.CoreModBaseTransformer/COREMOD]: Transforming net/minecraft/world/entity/npc/Villager
[27Aug2025 00:01:05.578] [main/DEBUG] [mixin/]: Mixing VillagerMixin from mixins.notenoughexperience.json into net.minecraft.world.entity.npc.Villager
[27Aug2025 00:01:05.585] [main/DEBUG] [mixin/]: Mixing VillagerAccessor from trade_cycling.mixins.json into net.minecraft.world.entity.npc.Villager
[27Aug2025 00:01:05.626] [main/DEBUG] [mixin/]: Mixing MerchantMenuAccessor from trade_cycling.mixins.json into net.minecraft.world.inventory.MerchantMenu
[27Aug2025 00:01:05.653] [main/DEBUG] [mixin/]: Mixing WanderingTraderMixin from mixins.notenoughexperience.json into net.minecraft.world.entity.npc.WanderingTrader
[27Aug2025 00:01:05.702] [main/DEBUG] [mixin/]: Mixing FishingMixin from mixins.notenoughexperience.json into net.minecraft.world.entity.projectile.FishingHook
[27Aug2025 00:01:05.748] [main/DEBUG] [net.minecraftforge.coremod.transformer.CoreModBaseTransformer/COREMOD]: Transforming net/minecraft/world/effect/MobEffectInstance
[27Aug2025 00:01:05.842] [main/DEBUG] [mixin/]: Mixing common.ServerGamePacketListenerImplMixin from tacz.mixins.json into net.minecraft.server.network.ServerGamePacketListenerImpl
[27Aug2025 00:01:05.847] [main/DEBUG] [mixin/]: Mixing common.ServerPlayNetHandlerMixin from tacz.mixins.json into net.minecraft.server.network.ServerGamePacketListenerImpl
[27Aug2025 00:01:06.746] [main/DEBUG] [mixin/]: Mixing InventoryMixin from carryon.mixins.json into net.minecraft.world.entity.player.Inventory
[27Aug2025 00:01:07.717] [main/DEBUG] [net.minecraftforge.coremod.transformer.CoreModBaseTransformer/COREMOD]: Transforming net/minecraft/world/level/levelgen/structure/Structure
[27Aug2025 00:01:07.815] [main/DEBUG] [net.minecraftforge.coremod.transformer.CoreModBaseTransformer/COREMOD]: Transforming net/minecraft/world/level/levelgen/structure/structures/OceanRuinPieces$OceanRuinPiece
[27Aug2025 00:01:07.846] [main/DEBUG] [net.minecraftforge.coremod.transformer.CoreModBaseTransformer/COREMOD]: Transforming net/minecraft/world/level/levelgen/structure/structures/SwampHutPiece
[27Aug2025 00:01:07.871] [main/DEBUG] [net.minecraftforge.coremod.transformer.CoreModBaseTransformer/COREMOD]: Transforming net/minecraft/world/level/levelgen/structure/structures/OceanMonumentPieces$OceanMonumentPiece
[27Aug2025 00:01:07.918] [main/DEBUG] [net.minecraftforge.coremod.transformer.CoreModBaseTransformer/COREMOD]: Transforming net/minecraft/world/level/levelgen/structure/structures/WoodlandMansionPieces$WoodlandMansionPiece
[27Aug2025 00:01:08.154] [main/DEBUG] [net.minecraftforge.coremod.transformer.CoreModBaseTransformer/COREMOD]: Transforming net/minecraft/world/level/biome/Biome
[27Aug2025 00:01:08.765] [main/DEBUG] [io.netty.util.internal.PlatformDependent0/]: -Dio.netty.noUnsafe: false
[27Aug2025 00:01:08.766] [main/DEBUG] [io.netty.util.internal.PlatformDependent0/]: Java version: 24
[27Aug2025 00:01:08.767] [main/DEBUG] [io.netty.util.internal.PlatformDependent0/]: sun.misc.Unsafe.theUnsafe: available
[27Aug2025 00:01:08.768] [main/DEBUG] [io.netty.util.internal.PlatformDependent0/]: sun.misc.Unsafe.copyMemory: available
[27Aug2025 00:01:08.769] [main/DEBUG] [io.netty.util.internal.PlatformDependent0/]: sun.misc.Unsafe.storeFence: available
[27Aug2025 00:01:08.770] [main/DEBUG] [io.netty.util.internal.PlatformDependent0/]: java.nio.Buffer.address: available
[27Aug2025 00:01:08.770] [main/DEBUG] [io.netty.util.internal.PlatformDependent0/]: direct buffer constructor: unavailable
java.lang.NoSuchMethodException: java.nio.DirectByteBuffer.<init>(long,int)
	at java.lang.Class.getConstructor0(Class.java:3218) ~[?:?]
	at java.lang.Class.getDeclaredConstructor(Class.java:2493) ~[?:?]
	at io.netty.util.internal.PlatformDependent0$5.run(PlatformDependent0.java:287) ~[netty-common-4.1.82.Final.jar%2382!/:4.1.82.Final]
	at java.security.AccessController.doPrivileged(AccessController.java:74) ~[?:?]
	at io.netty.util.internal.PlatformDependent0.<clinit>(PlatformDependent0.java:282) ~[netty-common-4.1.82.Final.jar%2382!/:4.1.82.Final]
	at io.netty.util.internal.PlatformDependent.isAndroid(PlatformDependent.java:333) ~[netty-common-4.1.82.Final.jar%2382!/:4.1.82.Final]
	at io.netty.util.internal.PlatformDependent.<clinit>(PlatformDependent.java:88) ~[netty-common-4.1.82.Final.jar%2382!/:4.1.82.Final]
	at io.netty.util.ConstantPool.<init>(ConstantPool.java:34) ~[netty-common-4.1.82.Final.jar%2382!/:4.1.82.Final]
	at io.netty.util.AttributeKey$1.<init>(AttributeKey.java:27) ~[netty-common-4.1.82.Final.jar%2382!/:4.1.82.Final]
	at io.netty.util.AttributeKey.<clinit>(AttributeKey.java:27) ~[netty-common-4.1.82.Final.jar%2382!/:4.1.82.Final]
	at net.minecraftforge.network.NetworkConstants.<clinit>(NetworkConstants.java:34) ~[forge-1.20.1-47.4.5-universal.jar%23134!/:?]
	at net.minecraftforge.network.NetworkHooks.init(NetworkHooks.java:52) ~[forge-1.20.1-47.4.5-universal.jar%23134!/:?]
	at net.minecraft.server.Bootstrap.m_135870_(Bootstrap.java:62) ~[server-1.20.1-20230612.114412-srg.jar%23129!/:?]
	at net.minecraft.server.Main.main(Main.java:121) ~[server-1.20.1-20230612.114412-srg.jar%23129!/:?]
	at jdk.internal.reflect.DirectMethodHandleAccessor.invoke(DirectMethodHandleAccessor.java:104) ~[?:?]
	at java.lang.reflect.Method.invoke(Method.java:565) ~[?:?]
	at net.minecraftforge.fml.loading.targets.CommonLaunchHandler.runTarget(CommonLaunchHandler.java:111) ~[fmlloader-1.20.1-47.4.5.jar%2369!/:?]
	at net.minecraftforge.fml.loading.targets.CommonLaunchHandler.serverService(CommonLaunchHandler.java:103) ~[fmlloader-1.20.1-47.4.5.jar%2369!/:?]
	at net.minecraftforge.fml.loading.targets.CommonServerLaunchHandler.lambda$makeService$0(CommonServerLaunchHandler.java:27) ~[fmlloader-1.20.1-47.4.5.jar%2369!/:?]
	at cpw.mods.modlauncher.LaunchServiceHandlerDecorator.launch(LaunchServiceHandlerDecorator.java:30) ~[modlauncher-10.0.9.jar%2355!/:?]
	at cpw.mods.modlauncher.LaunchServiceHandler.launch(LaunchServiceHandler.java:53) ~[modlauncher-10.0.9.jar%2355!/:?]
	at cpw.mods.modlauncher.LaunchServiceHandler.launch(LaunchServiceHandler.java:71) ~[modlauncher-10.0.9.jar%2355!/:?]
	at cpw.mods.modlauncher.Launcher.run(Launcher.java:108) ~[modlauncher-10.0.9.jar%2355!/:?]
	at cpw.mods.modlauncher.Launcher.main(Launcher.java:78) ~[modlauncher-10.0.9.jar%2355!/:?]
	at cpw.mods.modlauncher.BootstrapLaunchConsumer.accept(BootstrapLaunchConsumer.java:26) ~[modlauncher-10.0.9.jar%2355!/:?]
	at cpw.mods.modlauncher.BootstrapLaunchConsumer.accept(BootstrapLaunchConsumer.java:23) ~[modlauncher-10.0.9.jar%2355!/:?]
	at cpw.mods.bootstraplauncher.BootstrapLauncher.main(BootstrapLauncher.java:141) ~[bootstraplauncher-1.1.2.jar:?]
[27Aug2025 00:01:08.774] [main/DEBUG] [io.netty.util.internal.PlatformDependent0/]: java.nio.Bits.unaligned: available, true
[27Aug2025 00:01:08.776] [main/DEBUG] [io.netty.util.internal.PlatformDependent0/]: jdk.internal.misc.Unsafe.allocateUninitializedArray(int): unavailable
java.lang.IllegalAccessException: class io.netty.util.internal.PlatformDependent0$7 (in module io.netty.common) cannot access class jdk.internal.misc.Unsafe (in module java.base) because module java.base does not export jdk.internal.misc to module io.netty.common
	at jdk.internal.reflect.Reflection.newIllegalAccessException(Reflection.java:400) ~[?:?]
	at java.lang.reflect.AccessibleObject.checkAccess(AccessibleObject.java:670) ~[?:?]
	at java.lang.reflect.Method.invoke(Method.java:556) ~[?:?]
	at io.netty.util.internal.PlatformDependent0$7.run(PlatformDependent0.java:410) ~[netty-common-4.1.82.Final.jar%2382!/:4.1.82.Final]
	at java.security.AccessController.doPrivileged(AccessController.java:74) ~[?:?]
	at io.netty.util.internal.PlatformDependent0.<clinit>(PlatformDependent0.java:401) ~[netty-common-4.1.82.Final.jar%2382!/:4.1.82.Final]
	at io.netty.util.internal.PlatformDependent.isAndroid(PlatformDependent.java:333) ~[netty-common-4.1.82.Final.jar%2382!/:4.1.82.Final]
	at io.netty.util.internal.PlatformDependent.<clinit>(PlatformDependent.java:88) ~[netty-common-4.1.82.Final.jar%2382!/:4.1.82.Final]
	at io.netty.util.ConstantPool.<init>(ConstantPool.java:34) ~[netty-common-4.1.82.Final.jar%2382!/:4.1.82.Final]
	at io.netty.util.AttributeKey$1.<init>(AttributeKey.java:27) ~[netty-common-4.1.82.Final.jar%2382!/:4.1.82.Final]
	at io.netty.util.AttributeKey.<clinit>(AttributeKey.java:27) ~[netty-common-4.1.82.Final.jar%2382!/:4.1.82.Final]
	at net.minecraftforge.network.NetworkConstants.<clinit>(NetworkConstants.java:34) ~[forge-1.20.1-47.4.5-universal.jar%23134!/:?]
	at net.minecraftforge.network.NetworkHooks.init(NetworkHooks.java:52) ~[forge-1.20.1-47.4.5-universal.jar%23134!/:?]
	at net.minecraft.server.Bootstrap.m_135870_(Bootstrap.java:62) ~[server-1.20.1-20230612.114412-srg.jar%23129!/:?]
	at net.minecraft.server.Main.main(Main.java:121) ~[server-1.20.1-20230612.114412-srg.jar%23129!/:?]
	at jdk.internal.reflect.DirectMethodHandleAccessor.invoke(DirectMethodHandleAccessor.java:104) ~[?:?]
	at java.lang.reflect.Method.invoke(Method.java:565) ~[?:?]
	at net.minecraftforge.fml.loading.targets.CommonLaunchHandler.runTarget(CommonLaunchHandler.java:111) ~[fmlloader-1.20.1-47.4.5.jar%2369!/:?]
	at net.minecraftforge.fml.loading.targets.CommonLaunchHandler.serverService(CommonLaunchHandler.java:103) ~[fmlloader-1.20.1-47.4.5.jar%2369!/:?]
	at net.minecraftforge.fml.loading.targets.CommonServerLaunchHandler.lambda$makeService$0(CommonServerLaunchHandler.java:27) ~[fmlloader-1.20.1-47.4.5.jar%2369!/:?]
	at cpw.mods.modlauncher.LaunchServiceHandlerDecorator.launch(LaunchServiceHandlerDecorator.java:30) ~[modlauncher-10.0.9.jar%2355!/:?]
	at cpw.mods.modlauncher.LaunchServiceHandler.launch(LaunchServiceHandler.java:53) ~[modlauncher-10.0.9.jar%2355!/:?]
	at cpw.mods.modlauncher.LaunchServiceHandler.launch(LaunchServiceHandler.java:71) ~[modlauncher-10.0.9.jar%2355!/:?]
	at cpw.mods.modlauncher.Launcher.run(Launcher.java:108) ~[modlauncher-10.0.9.jar%2355!/:?]
	at cpw.mods.modlauncher.Launcher.main(Launcher.java:78) ~[modlauncher-10.0.9.jar%2355!/:?]
	at cpw.mods.modlauncher.BootstrapLaunchConsumer.accept(BootstrapLaunchConsumer.java:26) ~[modlauncher-10.0.9.jar%2355!/:?]
	at cpw.mods.modlauncher.BootstrapLaunchConsumer.accept(BootstrapLaunchConsumer.java:23) ~[modlauncher-10.0.9.jar%2355!/:?]
	at cpw.mods.bootstraplauncher.BootstrapLauncher.main(BootstrapLauncher.java:141) ~[bootstraplauncher-1.1.2.jar:?]
[27Aug2025 00:01:08.779] [main/DEBUG] [io.netty.util.internal.PlatformDependent0/]: java.nio.DirectByteBuffer.<init>(long, int): unavailable
[27Aug2025 00:01:08.780] [main/DEBUG] [io.netty.util.internal.PlatformDependent/]: sun.misc.Unsafe: available
[27Aug2025 00:01:08.781] [main/DEBUG] [io.netty.util.internal.PlatformDependent/]: maxDirectMemory: 2082471936 bytes (maybe)
[27Aug2025 00:01:08.781] [main/DEBUG] [io.netty.util.internal.PlatformDependent/]: -Dio.netty.tmpdir: /tmp (java.io.tmpdir)
[27Aug2025 00:01:08.781] [main/DEBUG] [io.netty.util.internal.PlatformDependent/]: -Dio.netty.bitMode: 64 (sun.arch.data.model)
[27Aug2025 00:01:08.782] [main/DEBUG] [io.netty.util.internal.PlatformDependent/]: -Dio.netty.maxDirectMemory: -1 bytes
[27Aug2025 00:01:08.782] [main/DEBUG] [io.netty.util.internal.PlatformDependent/]: -Dio.netty.uninitializedArrayAllocationThreshold: -1
[27Aug2025 00:01:08.786] [main/DEBUG] [io.netty.util.internal.CleanerJava9/]: java.nio.ByteBuffer.cleaner(): available
[27Aug2025 00:01:08.786] [main/DEBUG] [io.netty.util.internal.PlatformDependent/]: -Dio.netty.noPreferDirect: false
[27Aug2025 00:01:08.929] [main/DEBUG] [net.minecraftforge.network.NetworkHooks/]: Loading Network data for FML net version: FML3
[27Aug2025 00:01:08.997] [main/DEBUG] [net.minecraftforge.common.ForgeI18n/CORE]: Loading I18N data entries: 6434
[27Aug2025 00:01:09.037] [main/DEBUG] [net.minecraftforge.fml.ModWorkManager/LOADING]: Using 2 threads for parallel mod-loading
[27Aug2025 00:01:09.053] [main/DEBUG] [net.minecraftforge.fml.javafmlmod.FMLJavaModLanguageProvider/LOADING]: Loading FMLModContainer from classloader cpw.mods.modlauncher.TransformingClassLoader@3f63a513 - got cpw.mods.cl.ModuleClassLoader@75f2099
[27Aug2025 00:01:09.059] [main/DEBUG] [net.minecraftforge.fml.javafmlmod.FMLModContainer/LOADING]: Creating FMLModContainer instance for com.llamalad7.mixinextras.platform.forge.MixinExtrasMod
[27Aug2025 00:01:09.062] [main/DEBUG] [net.minecraftforge.fml.javafmlmod.FMLJavaModLanguageProvider/LOADING]: Loading FMLModContainer from classloader cpw.mods.modlauncher.TransformingClassLoader@3f63a513 - got cpw.mods.cl.ModuleClassLoader@75f2099
[27Aug2025 00:01:09.062] [main/DEBUG] [net.minecraftforge.fml.javafmlmod.FMLModContainer/LOADING]: Creating FMLModContainer instance for de.maxhenkel.tradecycling.ForgeTradeCyclingMod
[27Aug2025 00:01:09.064] [main/DEBUG] [net.minecraftforge.fml.javafmlmod.FMLJavaModLanguageProvider/LOADING]: Loading FMLModContainer from classloader cpw.mods.modlauncher.TransformingClassLoader@3f63a513 - got cpw.mods.cl.ModuleClassLoader@75f2099
[27Aug2025 00:01:09.064] [main/DEBUG] [net.minecraftforge.fml.javafmlmod.FMLModContainer/LOADING]: Creating FMLModContainer instance for software.bernie.example.GeckoLibMod
[27Aug2025 00:01:09.065] [main/DEBUG] [net.minecraftforge.fml.javafmlmod.FMLJavaModLanguageProvider/LOADING]: Loading FMLModContainer from classloader cpw.mods.modlauncher.TransformingClassLoader@3f63a513 - got cpw.mods.cl.ModuleClassLoader@75f2099
[27Aug2025 00:01:09.065] [main/DEBUG] [net.minecraftforge.fml.javafmlmod.FMLModContainer/LOADING]: Creating FMLModContainer instance for mezz.jei.forge.JustEnoughItems
[27Aug2025 00:01:09.066] [main/DEBUG] [net.minecraftforge.fml.javafmlmod.FMLJavaModLanguageProvider/LOADING]: Loading FMLModContainer from classloader cpw.mods.modlauncher.TransformingClassLoader@3f63a513 - got cpw.mods.cl.ModuleClassLoader@75f2099
[27Aug2025 00:01:09.067] [main/DEBUG] [net.minecraftforge.fml.javafmlmod.FMLModContainer/LOADING]: Creating FMLModContainer instance for tschipp.carryon.CarryOnForge
[27Aug2025 00:01:09.068] [main/DEBUG] [net.minecraftforge.fml.javafmlmod.FMLJavaModLanguageProvider/LOADING]: Loading FMLModContainer from classloader cpw.mods.modlauncher.TransformingClassLoader@3f63a513 - got cpw.mods.cl.ModuleClassLoader@75f2099
[27Aug2025 00:01:09.068] [main/DEBUG] [net.minecraftforge.fml.javafmlmod.FMLModContainer/LOADING]: Creating FMLModContainer instance for com.tacz.guns.GunMod
[27Aug2025 00:01:09.069] [main/DEBUG] [net.minecraftforge.fml.javafmlmod.FMLJavaModLanguageProvider/LOADING]: Loading FMLModContainer from classloader cpw.mods.modlauncher.TransformingClassLoader@3f63a513 - got cpw.mods.cl.ModuleClassLoader@75f2099
[27Aug2025 00:01:09.070] [main/DEBUG] [net.minecraftforge.fml.javafmlmod.FMLModContainer/LOADING]: Creating FMLModContainer instance for fr.rakambda.fallingtree.forge.FallingTree
[27Aug2025 00:01:09.074] [main/DEBUG] [net.minecraftforge.fml.javafmlmod.FMLJavaModLanguageProvider/LOADING]: Loading FMLModContainer from classloader cpw.mods.modlauncher.TransformingClassLoader@3f63a513 - got cpw.mods.cl.ModuleClassLoader@75f2099
[27Aug2025 00:01:09.074] [main/DEBUG] [net.minecraftforge.fml.javafmlmod.FMLModContainer/LOADING]: Creating FMLModContainer instance for ca.trevorslobodnick.notenoughexperience.NotEnoughExperience
[27Aug2025 00:01:09.075] [main/DEBUG] [net.minecraftforge.fml.javafmlmod.FMLJavaModLanguageProvider/LOADING]: Loading FMLModContainer from classloader cpw.mods.modlauncher.TransformingClassLoader@3f63a513 - got cpw.mods.cl.ModuleClassLoader@75f2099
[27Aug2025 00:01:09.075] [main/DEBUG] [net.minecraftforge.fml.javafmlmod.FMLModContainer/LOADING]: Creating FMLModContainer instance for net.tschipcraft.dynamiclights.forge.Init
[27Aug2025 00:01:09.077] [main/DEBUG] [net.minecraftforge.fml.javafmlmod.FMLJavaModLanguageProvider/LOADING]: Loading FMLModContainer from classloader cpw.mods.modlauncher.TransformingClassLoader@3f63a513 - got cpw.mods.cl.ModuleClassLoader@75f2099
[27Aug2025 00:01:09.077] [main/DEBUG] [net.minecraftforge.fml.javafmlmod.FMLModContainer/LOADING]: Creating FMLModContainer instance for me.shedaniel.clothconfig.ClothConfigForge
[27Aug2025 00:01:09.079] [main/DEBUG] [net.minecraftforge.fml.javafmlmod.FMLJavaModLanguageProvider/LOADING]: Loading FMLModContainer from classloader cpw.mods.modlauncher.TransformingClassLoader@3f63a513 - got cpw.mods.cl.ModuleClassLoader@75f2099
[27Aug2025 00:01:09.080] [main/DEBUG] [net.minecraftforge.fml.javafmlmod.FMLModContainer/LOADING]: Creating FMLModContainer instance for net.minecraftforge.common.ForgeMod
[27Aug2025 00:01:09.085] [main/DEBUG] [net.minecraftforge.fml.javafmlmod.FMLJavaModLanguageProvider/LOADING]: Loading FMLModContainer from classloader cpw.mods.modlauncher.TransformingClassLoader@3f63a513 - got cpw.mods.cl.ModuleClassLoader@75f2099
[27Aug2025 00:01:09.085] [main/DEBUG] [net.minecraftforge.fml.javafmlmod.FMLModContainer/LOADING]: Creating FMLModContainer instance for com.natamus.infinitetrading.ModForge
[27Aug2025 00:01:09.086] [main/DEBUG] [net.minecraftforge.fml.javafmlmod.FMLJavaModLanguageProvider/LOADING]: Loading FMLModContainer from classloader cpw.mods.modlauncher.TransformingClassLoader@3f63a513 - got cpw.mods.cl.ModuleClassLoader@75f2099
[27Aug2025 00:01:09.086] [main/DEBUG] [net.minecraftforge.fml.javafmlmod.FMLModContainer/LOADING]: Creating FMLModContainer instance for twilightforest.TwilightForestMod
[27Aug2025 00:01:09.090] [main/DEBUG] [net.minecraftforge.fml.javafmlmod.FMLJavaModLanguageProvider/LOADING]: Loading FMLModContainer from classloader cpw.mods.modlauncher.TransformingClassLoader@3f63a513 - got cpw.mods.cl.ModuleClassLoader@75f2099
[27Aug2025 00:01:09.090] [main/DEBUG] [net.minecraftforge.fml.javafmlmod.FMLModContainer/LOADING]: Creating FMLModContainer instance for com.sonicether.soundphysics.ForgeSoundPhysicsMod
[27Aug2025 00:01:09.092] [main/DEBUG] [net.minecraftforge.fml.javafmlmod.FMLJavaModLanguageProvider/LOADING]: Loading FMLModContainer from classloader cpw.mods.modlauncher.TransformingClassLoader@3f63a513 - got cpw.mods.cl.ModuleClassLoader@75f2099
[27Aug2025 00:01:09.092] [main/DEBUG] [net.minecraftforge.fml.javafmlmod.FMLModContainer/LOADING]: Creating FMLModContainer instance for com.natamus.collective.CollectiveForge
[27Aug2025 00:01:09.093] [main/DEBUG] [net.minecraftforge.fml.javafmlmod.FMLJavaModLanguageProvider/LOADING]: Loading FMLModContainer from classloader cpw.mods.modlauncher.TransformingClassLoader@3f63a513 - got cpw.mods.cl.ModuleClassLoader@75f2099
[27Aug2025 00:01:09.093] [main/DEBUG] [net.minecraftforge.fml.javafmlmod.FMLModContainer/LOADING]: Creating FMLModContainer instance for journeymap.common.Journeymap
[27Aug2025 00:01:09.171] [modloading-worker-0/DEBUG] [net.minecraftforge.fml.javafmlmod.AutomaticEventSubscriber/LOADING]: Attempting to inject @EventBusSubscriber classes into the eventbus for trade_cycling
[27Aug2025 00:01:09.173] [modloading-worker-0/DEBUG] [net.minecraftforge.fml.javafmlmod.AutomaticEventSubscriber/LOADING]: Attempting to inject @EventBusSubscriber classes into the eventbus for mixinextras
[27Aug2025 00:01:09.218] [modloading-worker-0/DEBUG] [net.minecraftforge.fml.javafmlmod.AutomaticEventSubscriber/LOADING]: Attempting to inject @EventBusSubscriber classes into the eventbus for geckolib
[27Aug2025 00:01:09.229] [modloading-worker-0/DEBUG] [net.minecraftforge.fml.javafmlmod.AutomaticEventSubscriber/LOADING]: Auto-subscribing software.bernie.example.GeckoLibMod to FORGE
[27Aug2025 00:01:09.231] [modloading-worker-0/DEBUG] [net.minecraftforge.fml.javafmlmod.AutomaticEventSubscriber/LOADING]: Auto-subscribing software.bernie.example.CommonListener to MOD
[27Aug2025 00:01:09.251] [modloading-worker-0/DEBUG] [net.minecraftforge.fml.config.ConfigTracker/CONFIG]: Config file jei-server.toml for jei tracking
[27Aug2025 00:01:09.265] [modloading-worker-0/DEBUG] [net.minecraftforge.fml.javafmlmod.AutomaticEventSubscriber/LOADING]: Attempting to inject @EventBusSubscriber classes into the eventbus for jei
[27Aug2025 00:01:09.275] [modloading-worker-0/DEBUG] [net.minecraftforge.fml.config.ConfigTracker/CONFIG]: Config file tacz-common.toml for tacz tracking
[27Aug2025 00:01:09.278] [modloading-worker-0/DEBUG] [net.minecraftforge.fml.config.ConfigTracker/CONFIG]: Config file tacz-server.toml for tacz tracking
[27Aug2025 00:01:09.293] [modloading-worker-0/DEBUG] [net.minecraftforge.fml.config.ConfigTracker/CONFIG]: Config file tacz-client.toml for tacz tracking
[27Aug2025 00:01:09.332] [modloading-worker-0/DEBUG] [Carry On/]: Loaded tschipp.carryon.platform.ForgePlatformHelper@26dfe08e for service interface tschipp.carryon.platform.services.IPlatformHelper
[27Aug2025 00:01:09.339] [modloading-worker-0/DEBUG] [Carry On/]: Loaded tschipp.carryon.platform.ForgeGamestagesHelper@56b3e7b7 for service interface tschipp.carryon.platform.services.IGamestagePlatformHelper
[27Aug2025 00:01:09.383] [modloading-worker-0/DEBUG] [net.minecraftforge.fml.config.ConfigTracker/CONFIG]: Config file carryon-client.toml for carryon tracking
[27Aug2025 00:01:09.384] [modloading-worker-0/DEBUG] [net.minecraftforge.fml.config.ConfigTracker/CONFIG]: Config file carryon-common.toml for carryon tracking
[27Aug2025 00:01:09.384] [modloading-worker-0/DEBUG] [net.minecraftforge.fml.javafmlmod.AutomaticEventSubscriber/LOADING]: Attempting to inject @EventBusSubscriber classes into the eventbus for carryon
[27Aug2025 00:01:09.384] [modloading-worker-0/DEBUG] [net.minecraftforge.fml.javafmlmod.AutomaticEventSubscriber/LOADING]: Auto-subscribing tschipp.carryon.CarryOnForge to MOD
[27Aug2025 00:01:09.389] [modloading-worker-0/DEBUG] [net.minecraftforge.fml.javafmlmod.AutomaticEventSubscriber/LOADING]: Auto-subscribing tschipp.carryon.events.CommonEvents to FORGE
[27Aug2025 00:01:09.509] [modloading-worker-0/DEBUG] [net.minecraftforge.fml.javafmlmod.AutomaticEventSubscriber/LOADING]: Auto-subscribing tschipp.carryon.events.ModBusEvents to MOD
[27Aug2025 00:01:09.720] [modloading-worker-0/DEBUG] [net.minecraftforge.fml.javafmlmod.AutomaticEventSubscriber/LOADING]: Attempting to inject @EventBusSubscriber classes into the eventbus for fallingtree
[27Aug2025 00:01:09.741] [modloading-worker-0/DEBUG] [net.minecraftforge.fml.config.ConfigTracker/CONFIG]: Config file notenoughexperience-server.toml for notenoughexperience tracking
[27Aug2025 00:01:09.741] [modloading-worker-0/DEBUG] [net.minecraftforge.fml.javafmlmod.AutomaticEventSubscriber/LOADING]: Attempting to inject @EventBusSubscriber classes into the eventbus for notenoughexperience
[27Aug2025 00:01:09.741] [modloading-worker-0/DEBUG] [net.minecraftforge.fml.javafmlmod.AutomaticEventSubscriber/LOADING]: Auto-subscribing ca.trevorslobodnick.notenoughexperience.Config to MOD
[27Aug2025 00:01:09.748] [modloading-worker-0/INFO] [dynamiclights/]: [Dynamic Lights] Registering server started event ...
[27Aug2025 00:01:09.757] [modloading-worker-0/DEBUG] [net.minecraftforge.fml.javafmlmod.AutomaticEventSubscriber/LOADING]: Attempting to inject @EventBusSubscriber classes into the eventbus for dynamiclights
[27Aug2025 00:01:09.757] [modloading-worker-0/DEBUG] [net.minecraftforge.fml.javafmlmod.AutomaticEventSubscriber/LOADING]: Auto-subscribing net.tschipcraft.dynamiclights.forge.Init to FORGE
[27Aug2025 00:01:09.761] [modloading-worker-0/DEBUG] [net.minecraftforge.fml.javafmlmod.AutomaticEventSubscriber/LOADING]: Attempting to inject @EventBusSubscriber classes into the eventbus for cloth_config
[27Aug2025 00:01:09.832] [modloading-worker-0/DEBUG] [net.minecraftforge.versions.forge.ForgeVersion/CORE]: Forge Version package package net.minecraftforge.versions.forge, Forge, version 47.4 from cpw.mods.modlauncher.TransformingClassLoader@3f63a513
[27Aug2025 00:01:09.835] [modloading-worker-0/DEBUG] [net.minecraftforge.versions.forge.ForgeVersion/CORE]: Found Forge version 47.4.5
[27Aug2025 00:01:09.836] [modloading-worker-0/DEBUG] [net.minecraftforge.versions.forge.ForgeVersion/CORE]: Found Forge spec 47.4
[27Aug2025 00:01:09.836] [modloading-worker-0/DEBUG] [net.minecraftforge.versions.forge.ForgeVersion/CORE]: Found Forge group net.minecraftforge
[27Aug2025 00:01:09.842] [modloading-worker-0/DEBUG] [net.minecraftforge.versions.mcp.MCPVersion/CORE]: MCP Version package package net.minecraftforge.versions.mcp, Minecraft, version 1.20.1 from cpw.mods.modlauncher.TransformingClassLoader@3f63a513
[27Aug2025 00:01:09.842] [modloading-worker-0/DEBUG] [net.minecraftforge.versions.mcp.MCPVersion/CORE]: Found MC version information 1.20.1
[27Aug2025 00:01:09.842] [modloading-worker-0/DEBUG] [net.minecraftforge.versions.mcp.MCPVersion/CORE]: Found MCP version information 20230612.114412
[27Aug2025 00:01:09.842] [modloading-worker-0/INFO] [net.minecraftforge.common.ForgeMod/FORGEMOD]: Forge mod loading, version 47.4.5, for MC 1.20.1 with MCP 20230612.114412
[27Aug2025 00:01:09.843] [modloading-worker-0/INFO] [net.minecraftforge.common.MinecraftForge/FORGE]: MinecraftForge v47.4.5 Initialized
[27Aug2025 00:01:09.976] [modloading-worker-0/DEBUG] [net.minecraftforge.fml.config.ConfigTracker/CONFIG]: Config file forge-client.toml for forge tracking
[27Aug2025 00:01:09.980] [modloading-worker-0/DEBUG] [net.minecraftforge.fml.config.ConfigTracker/CONFIG]: Config file forge-server.toml for forge tracking
[27Aug2025 00:01:09.980] [modloading-worker-0/DEBUG] [net.minecraftforge.fml.ModLoadingContext/]: Attempted to register an empty config for type COMMON on mod forge
[27Aug2025 00:01:10.005] [modloading-worker-0/DEBUG] [net.minecraftforge.fml.javafmlmod.AutomaticEventSubscriber/LOADING]: Attempting to inject @EventBusSubscriber classes into the eventbus for tacz
[27Aug2025 00:01:10.006] [modloading-worker-0/DEBUG] [net.minecraftforge.fml.javafmlmod.AutomaticEventSubscriber/LOADING]: Auto-subscribing com.tacz.guns.resource.CommonAssetsManager to FORGE
[27Aug2025 00:01:10.040] [modloading-worker-0/DEBUG] [net.minecraftforge.fml.javafmlmod.AutomaticEventSubscriber/LOADING]: Auto-subscribing com.tacz.guns.init.ModRecipe to MOD
[27Aug2025 00:01:10.040] [modloading-worker-0/DEBUG] [net.minecraftforge.fml.javafmlmod.AutomaticEventSubscriber/LOADING]: Auto-subscribing com.tacz.guns.init.ModItems to MOD
[27Aug2025 00:01:10.040] [modloading-worker-0/DEBUG] [net.minecraftforge.fml.javafmlmod.AutomaticEventSubscriber/LOADING]: Auto-subscribing com.tacz.guns.init.CompatRegistry to MOD
[27Aug2025 00:01:10.047] [modloading-worker-0/DEBUG] [net.minecraftforge.fml.javafmlmod.AutomaticEventSubscriber/LOADING]: Auto-subscribing com.tacz.guns.init.CommonRegistry to MOD
[27Aug2025 00:01:10.063] [modloading-worker-0/DEBUG] [net.minecraftforge.fml.javafmlmod.AutomaticEventSubscriber/LOADING]: Attempting to inject @EventBusSubscriber classes into the eventbus for forge
[27Aug2025 00:01:10.064] [modloading-worker-0/DEBUG] [net.minecraftforge.fml.javafmlmod.AutomaticEventSubscriber/LOADING]: Auto-subscribing net.minecraftforge.common.ForgeSpawnEggItem$CommonHandler to MOD
[27Aug2025 00:01:10.064] [modloading-worker-0/DEBUG] [net.minecraftforge.fml.javafmlmod.AutomaticEventSubscriber/LOADING]: Auto-subscribing com.tacz.guns.init.CommandRegistry to FORGE
[27Aug2025 00:01:10.070] [modloading-worker-0/DEBUG] [net.minecraftforge.fml.javafmlmod.AutomaticEventSubscriber/LOADING]: Auto-subscribing com.tacz.guns.init.CapabilityRegistry to MOD
[27Aug2025 00:01:10.077] [modloading-worker-0/DEBUG] [net.minecraftforge.fml.javafmlmod.AutomaticEventSubscriber/LOADING]: Auto-subscribing com.tacz.guns.event.TravelToDimensionEvent to FORGE
[27Aug2025 00:01:10.081] [modloading-worker-0/DEBUG] [net.minecraftforge.fml.javafmlmod.AutomaticEventSubscriber/LOADING]: Auto-subscribing com.tacz.guns.event.SyncedEntityDataEvent to FORGE
[27Aug2025 00:01:10.103] [modloading-worker-0/DEBUG] [net.minecraftforge.fml.javafmlmod.AutomaticEventSubscriber/LOADING]: Auto-subscribing com.tacz.guns.event.SyncBaseTimestamp to FORGE
[27Aug2025 00:01:10.108] [modloading-worker-0/DEBUG] [net.minecraftforge.fml.javafmlmod.AutomaticEventSubscriber/LOADING]: Auto-subscribing com.tacz.guns.event.ServerTickEvent to FORGE
[27Aug2025 00:01:10.110] [modloading-worker-0/DEBUG] [net.minecraftforge.fml.javafmlmod.AutomaticEventSubscriber/LOADING]: Auto-subscribing com.tacz.guns.event.PreventGunClick to FORGE
[27Aug2025 00:01:10.120] [modloading-worker-0/DEBUG] [net.minecraftforge.fml.javafmlmod.AutomaticEventSubscriber/LOADING]: Auto-subscribing com.tacz.guns.event.PlayerRespawnEvent to FORGE
[27Aug2025 00:01:10.125] [modloading-worker-0/DEBUG] [net.minecraftforge.fml.javafmlmod.AutomaticEventSubscriber/LOADING]: Auto-subscribing com.tacz.guns.event.LoadingConfigEvent to MOD
[27Aug2025 00:01:10.130] [modloading-worker-0/DEBUG] [net.minecraftforge.fml.javafmlmod.AutomaticEventSubscriber/LOADING]: Auto-subscribing com.tacz.guns.event.KnockbackChange to FORGE
[27Aug2025 00:01:10.136] [modloading-worker-0/DEBUG] [net.minecraftforge.fml.javafmlmod.AutomaticEventSubscriber/LOADING]: Auto-subscribing com.tacz.guns.event.HitboxHelperEvent to FORGE
[27Aug2025 00:01:10.144] [modloading-worker-0/DEBUG] [net.minecraftforge.fml.javafmlmod.AutomaticEventSubscriber/LOADING]: Auto-subscribing com.tacz.guns.event.EntityDamageEvent to FORGE
[27Aug2025 00:01:10.151] [modloading-worker-0/DEBUG] [net.minecraftforge.fml.javafmlmod.AutomaticEventSubscriber/LOADING]: Auto-subscribing com.tacz.guns.event.CommonLoadPack to MOD
[27Aug2025 00:01:10.156] [modloading-worker-0/DEBUG] [net.minecraftforge.fml.javafmlmod.AutomaticEventSubscriber/LOADING]: Auto-subscribing com.tacz.guns.event.ammo.DestroyGlassBlock to FORGE
[27Aug2025 00:01:10.170] [modloading-worker-0/DEBUG] [net.minecraftforge.fml.javafmlmod.AutomaticEventSubscriber/LOADING]: Attempting to inject @EventBusSubscriber classes into the eventbus for infinitetrading
[27Aug2025 00:01:10.173] [modloading-worker-0/DEBUG] [net.minecraftforge.fml.javafmlmod.AutomaticEventSubscriber/LOADING]: Auto-subscribing com.tacz.guns.event.ammo.BellRing to FORGE
[27Aug2025 00:01:10.176] [modloading-worker-0/DEBUG] [net.minecraftforge.fml.javafmlmod.AutomaticEventSubscriber/LOADING]: Auto-subscribing com.tacz.guns.client.event.TooltipEvent to FORGE
[27Aug2025 00:01:10.191] [modloading-worker-0/DEBUG] [net.minecraftforge.fml.javafmlmod.AutomaticEventSubscriber/LOADING]: Attempting to inject @EventBusSubscriber classes into the eventbus for sound_physics_remastered
[27Aug2025 00:01:10.204] [modloading-worker-0/INFO] [Collective/]: Loading Collective version 8.3.
[27Aug2025 00:01:10.250] [modloading-worker-0/DEBUG] [net.minecraftforge.fml.config.ConfigTracker/CONFIG]: Config file twilightforest-common.toml for twilightforest tracking
[27Aug2025 00:01:10.261] [modloading-worker-0/DEBUG] [net.minecraftforge.fml.config.ConfigTracker/CONFIG]: Config file twilightforest-client.toml for twilightforest tracking
[27Aug2025 00:01:10.325] [modloading-worker-0/DEBUG] [net.minecraftforge.fml.javafmlmod.AutomaticEventSubscriber/LOADING]: Attempting to inject @EventBusSubscriber classes into the eventbus for collective
[27Aug2025 00:01:10.326] [modloading-worker-0/DEBUG] [net.minecraftforge.fml.javafmlmod.AutomaticEventSubscriber/LOADING]: Auto-subscribing com.natamus.collective.forge.events.RegisterCollectiveForgeEvents to FORGE
[27Aug2025 00:01:10.364] [modloading-worker-0/DEBUG] [net.minecraftforge.fml.config.ConfigTracker/CONFIG]: Config file journeymap-server.toml for journeymap tracking
[27Aug2025 00:01:10.368] [modloading-worker-0/DEBUG] [net.minecraftforge.fml.javafmlmod.AutomaticEventSubscriber/LOADING]: Attempting to inject @EventBusSubscriber classes into the eventbus for journeymap
[27Aug2025 00:01:10.376] [modloading-worker-0/DEBUG] [net.minecraftforge.fml.javafmlmod.AutomaticEventSubscriber/LOADING]: Auto-subscribing journeymap.common.config.forge.ForgeConfig to MOD
[27Aug2025 00:01:10.378] [modloading-worker-0/DEBUG] [net.minecraftforge.fml.javafmlmod.AutomaticEventSubscriber/LOADING]: Auto-subscribing journeymap.common.Journeymap to FORGE
[27Aug2025 00:01:12.513] [modloading-worker-0/DEBUG] [net.minecraftforge.fml.javafmlmod.AutomaticEventSubscriber/LOADING]: Attempting to inject @EventBusSubscriber classes into the eventbus for twilightforest
[27Aug2025 00:01:12.514] [modloading-worker-0/DEBUG] [net.minecraftforge.fml.javafmlmod.AutomaticEventSubscriber/LOADING]: Auto-subscribing twilightforest.util.TFRemapper to FORGE
[27Aug2025 00:01:12.518] [modloading-worker-0/DEBUG] [net.minecraftforge.fml.javafmlmod.AutomaticEventSubscriber/LOADING]: Auto-subscribing twilightforest.loot.modifiers.GiantToolGroupingModifier to FORGE
[27Aug2025 00:01:12.526] [modloading-worker-0/DEBUG] [net.minecraftforge.fml.javafmlmod.AutomaticEventSubscriber/LOADING]: Auto-subscribing twilightforest.item.OreMagnetItem to FORGE
[27Aug2025 00:01:12.531] [modloading-worker-0/DEBUG] [net.minecraftforge.fml.javafmlmod.AutomaticEventSubscriber/LOADING]: Auto-subscribing twilightforest.item.FierySwordItem to FORGE
[27Aug2025 00:01:12.531] [modloading-worker-0/DEBUG] [net.minecraftforge.fml.javafmlmod.AutomaticEventSubscriber/LOADING]: Auto-subscribing twilightforest.init.TFEntities to MOD
[27Aug2025 00:01:12.536] [modloading-worker-0/DEBUG] [net.minecraftforge.fml.javafmlmod.AutomaticEventSubscriber/LOADING]: Auto-subscribing twilightforest.init.TFCaveCarvers to MOD
[27Aug2025 00:01:12.543] [modloading-worker-0/DEBUG] [net.minecraftforge.fml.javafmlmod.AutomaticEventSubscriber/LOADING]: Auto-subscribing twilightforest.events.ToolEvents to FORGE
[27Aug2025 00:01:12.551] [modloading-worker-0/DEBUG] [net.minecraftforge.fml.javafmlmod.AutomaticEventSubscriber/LOADING]: Auto-subscribing twilightforest.events.ProgressionEvents to FORGE
[27Aug2025 00:01:12.556] [modloading-worker-0/DEBUG] [net.minecraftforge.fml.javafmlmod.AutomaticEventSubscriber/LOADING]: Auto-subscribing twilightforest.events.MiscEvents to FORGE
[27Aug2025 00:01:12.561] [modloading-worker-0/DEBUG] [net.minecraftforge.fml.javafmlmod.AutomaticEventSubscriber/LOADING]: Auto-subscribing twilightforest.events.HostileMountEvents to FORGE
[27Aug2025 00:01:12.569] [modloading-worker-0/DEBUG] [net.minecraftforge.fml.javafmlmod.AutomaticEventSubscriber/LOADING]: Auto-subscribing twilightforest.events.EntityEvents to FORGE
[27Aug2025 00:01:12.585] [modloading-worker-0/DEBUG] [net.minecraftforge.fml.javafmlmod.AutomaticEventSubscriber/LOADING]: Auto-subscribing twilightforest.events.CharmEvents to FORGE
[27Aug2025 00:01:12.592] [modloading-worker-0/DEBUG] [net.minecraftforge.fml.javafmlmod.AutomaticEventSubscriber/LOADING]: Auto-subscribing twilightforest.events.CapabilityEvents to FORGE
[27Aug2025 00:01:12.603] [modloading-worker-0/DEBUG] [net.minecraftforge.fml.javafmlmod.AutomaticEventSubscriber/LOADING]: Auto-subscribing twilightforest.data.DataGenerators to MOD
[27Aug2025 00:01:12.610] [modloading-worker-0/DEBUG] [net.minecraftforge.fml.javafmlmod.AutomaticEventSubscriber/LOADING]: Auto-subscribing twilightforest.TFTickHandler to FORGE
[27Aug2025 00:01:12.613] [modloading-worker-0/DEBUG] [net.minecraftforge.fml.javafmlmod.AutomaticEventSubscriber/LOADING]: Auto-subscribing twilightforest.TFConfig to MOD
[27Aug2025 00:01:12.614] [modloading-worker-0/DEBUG] [net.minecraftforge.fml.javafmlmod.AutomaticEventSubscriber/LOADING]: Auto-subscribing twilightforest.TFConfig$ConfigSync to FORGE
[27Aug2025 00:01:13.012] [main/DEBUG] [net.minecraftforge.common.capabilities.CapabilityManager/CAPABILITIES]: Attempting to automatically register: Lnet/minecraftforge/energy/IEnergyStorage;
[27Aug2025 00:01:13.014] [main/DEBUG] [net.minecraftforge.common.capabilities.CapabilityManager/CAPABILITIES]: Attempting to automatically register: Lnet/minecraftforge/fluids/capability/IFluidHandler;
[27Aug2025 00:01:13.014] [main/DEBUG] [net.minecraftforge.common.capabilities.CapabilityManager/CAPABILITIES]: Attempting to automatically register: Lnet/minecraftforge/fluids/capability/IFluidHandlerItem;
[27Aug2025 00:01:13.014] [main/DEBUG] [net.minecraftforge.common.capabilities.CapabilityManager/CAPABILITIES]: Attempting to automatically register: Lnet/minecraftforge/items/IItemHandler;
[27Aug2025 00:01:14.853] [main/DEBUG] [io.netty.util.internal.InternalThreadLocalMap/]: -Dio.netty.threadLocalMap.stringBuilder.initialSize: 1024
[27Aug2025 00:01:14.854] [main/DEBUG] [io.netty.util.internal.InternalThreadLocalMap/]: -Dio.netty.threadLocalMap.stringBuilder.maxSize: 4096
[27Aug2025 00:01:14.854] [main/DEBUG] [io.netty.util.internal.ThreadLocalRandom/]: -Dio.netty.initialSeedUniquifier: 0xc1c93b586a7c4f2e
[27Aug2025 00:01:14.933] [main/DEBUG] [net.minecraftforge.fml.config.ConfigTracker/CONFIG]: Loading configs type COMMON
[27Aug2025 00:01:14.936] [main/DEBUG] [net.minecraftforge.fml.config.ConfigFileTypeHandler/CONFIG]: Built TOML config for /root/minecraft-1.20.1/config/tacz-common.toml
[27Aug2025 00:01:14.940] [main/DEBUG] [net.minecraftforge.fml.config.ConfigFileTypeHandler/CONFIG]: Loaded TOML config file /root/minecraft-1.20.1/config/tacz-common.toml
[27Aug2025 00:01:14.957] [main/DEBUG] [net.minecraftforge.fml.config.ConfigFileTypeHandler/CONFIG]: Watching TOML config file /root/minecraft-1.20.1/config/tacz-common.toml for changes
[27Aug2025 00:01:14.970] [main/DEBUG] [net.minecraftforge.fml.config.ConfigFileTypeHandler/CONFIG]: Built TOML config for /root/minecraft-1.20.1/config/carryon-common.toml
[27Aug2025 00:01:14.973] [main/DEBUG] [net.minecraftforge.fml.config.ConfigFileTypeHandler/CONFIG]: Loaded TOML config file /root/minecraft-1.20.1/config/carryon-common.toml
[27Aug2025 00:01:14.973] [main/DEBUG] [net.minecraftforge.fml.config.ConfigFileTypeHandler/CONFIG]: Watching TOML config file /root/minecraft-1.20.1/config/carryon-common.toml for changes
[27Aug2025 00:01:15.067] [Thread-1/DEBUG] [net.minecraftforge.fml.config.ConfigFileTypeHandler/CONFIG]: Config file carryon-common.toml changed, sending notifies
[27Aug2025 00:01:15.068] [main/DEBUG] [net.minecraftforge.fml.config.ConfigFileTypeHandler/CONFIG]: Built TOML config for /root/minecraft-1.20.1/config/twilightforest-common.toml
[27Aug2025 00:01:15.072] [main/DEBUG] [net.minecraftforge.fml.config.ConfigFileTypeHandler/CONFIG]: Loaded TOML config file /root/minecraft-1.20.1/config/twilightforest-common.toml
[27Aug2025 00:01:15.072] [main/DEBUG] [net.minecraftforge.fml.config.ConfigFileTypeHandler/CONFIG]: Watching TOML config file /root/minecraft-1.20.1/config/twilightforest-common.toml for changes
[27Aug2025 00:01:15.142] [Thread-1/DEBUG] [net.minecraftforge.fml.config.ConfigFileTypeHandler/CONFIG]: Config file carryon-common.toml changed, sending notifies
[27Aug2025 00:01:15.148] [modloading-worker-0/INFO] [dynamiclights/]: [Dynamic Lights] Loaded Dynamic Lights by Tschipcraft successfully!
[27Aug2025 00:01:15.613] [main/DEBUG] [net.minecraftforge.fml.DeferredWorkQueue/LOADING]: Dispatching synchronous work for work queue COMMON_SETUP: 4 jobs
[27Aug2025 00:01:15.875] [Forge Version Check/INFO] [net.minecraftforge.fml.VersionChecker/]: [trade_cycling] Starting version check at https://update.maxhenkel.de/forge/trade_cycling
[27Aug2025 00:01:15.928] [main/INFO] [tacz/SYNCED_ENTITY_DATA_TAC_COPY]: Registered synced data key tacz:shoot_cool_down for minecraft:living_entity
[27Aug2025 00:01:15.930] [main/INFO] [tacz/SYNCED_ENTITY_DATA_TAC_COPY]: Registered synced data key tacz:melee_cool_down for minecraft:living_entity
[27Aug2025 00:01:15.931] [main/INFO] [tacz/SYNCED_ENTITY_DATA_TAC_COPY]: Registered synced data key tacz:reload_state for minecraft:living_entity
[27Aug2025 00:01:15.931] [main/INFO] [tacz/SYNCED_ENTITY_DATA_TAC_COPY]: Registered synced data key tacz:aiming_progress for minecraft:living_entity
[27Aug2025 00:01:15.931] [main/INFO] [tacz/SYNCED_ENTITY_DATA_TAC_COPY]: Registered synced data key tacz:draw_cool_down for minecraft:living_entity
[27Aug2025 00:01:15.932] [main/INFO] [tacz/SYNCED_ENTITY_DATA_TAC_COPY]: Registered synced data key tacz:is_aiming for minecraft:living_entity
[27Aug2025 00:01:15.932] [main/INFO] [tacz/SYNCED_ENTITY_DATA_TAC_COPY]: Registered synced data key tacz:sprint_time for minecraft:living_entity
[27Aug2025 00:01:15.932] [main/INFO] [tacz/SYNCED_ENTITY_DATA_TAC_COPY]: Registered synced data key tacz:is_bolting for minecraft:living_entity
[27Aug2025 00:01:15.932] [main/INFO] [tacz/SYNCED_ENTITY_DATA_TAC_COPY]: Registered synced data key tacz:throwable_using for minecraft:living_entity
[27Aug2025 00:01:15.934] [main/INFO] [journeymap/]: Initializing Packet Registries
[27Aug2025 00:01:16.034] [main/DEBUG] [net.minecraftforge.fml.DeferredWorkQueue/LOADING]: Synchronous work queue completed in 417.6 ms
[27Aug2025 00:01:16.050] [main/DEBUG] [net.minecraftforge.fml.DeferredWorkQueue/LOADING]: Dispatching synchronous work for work queue ENQUEUE_IMC: 4 jobs
[27Aug2025 00:01:16.062] [main/DEBUG] [net.minecraftforge.fml.DeferredWorkQueue/LOADING]: Synchronous work queue completed in 11.93 ms
[27Aug2025 00:01:18.007] [Forge Version Check/DEBUG] [net.minecraftforge.fml.VersionChecker/]: [trade_cycling] Received version check data:
{"1.20.2":{"1.20.2-1.0.8":"Updated update checker URL\nUpdated config builder","1.20.2-1.0.7":""},"1.21.1":{"1.21.1-1.0.18":"Updated Simplified Chinese translation"},"1.20.1":{"1.20.1-1.0.7":"","1.20.1-1.0.18":"Updated Simplified Chinese translation"},"1.21":{"1.21-1.0.13":"Updated dependencies\nFixed crash"},"1.20":{"1.20-1.0.5":"Updated to 1.20"},"1.19":{"1.19-1.0.5":"Fixed visual desync when cycling discounted trades"},"1.18.2":{"1.18.2-1.0.2":"Updated to 1.18.2"},"1.19.1":{"1.19.1-1.0.5":"Fixed visual desync when cycling discounted trades"},"1.19.2":{"1.19.2-1.0.5":"Fixed visual desync when cycling discounted trades","1.19.2-1.0.14":"Added Traditional Chinese translation"},"1.19.3":{"1.19.3-1.0.5":"Updated to 1.19.3"},"1.19.4":{"1.19.4-1.0.5":"Updated to 1.19.4"},"1.21.7":{"1.21.7-1.0.19":"Updated to 1.21.7"},"1.21.6":{"1.21.6-1.0.19":"Fixed Visible Traders integration"},"1.18.1":{"1.18.1-1.0.2":"Fixed duplication bug"},"1.21.8":{"1.21.8-1.0.19":"Updated to 1.21.8"},"1.20.4":{"1.20.4-1.0.7":"Updated to 1.20.4","1.20.4-1.0.11":""},"1.21.3":{"1.21.3-1.0.15":"Updated to 1.21.3"},"promos":{"1.18.1-latest":"1.18.1-1.0.2","1.21.4-latest":"1.21.4-1.0.18","1.21.3-latest":"1.21.3-1.0.15","1.18.2-latest":"1.18.2-1.0.2","1.20-recommended":"1.20-1.0.5","1.19.3-recommended":"1.19.3-1.0.5","1.19.1-recommended":"1.19.1-1.0.5","1.21.6-latest":"1.21.6-1.0.19","1.21.5-latest":"1.21.5-1.0.18","1.21.1-latest":"1.21.1-1.0.18","1.19.4-recommended":"1.19.4-1.0.5","1.19-latest":"1.19-1.0.5","1.19.2-recommended":"1.19.2-1.0.5","1.21.8-latest":"1.21.8-1.0.19","1.20.4-recommended":"1.20.4-1.0.7","1.21.7-latest":"1.21.7-1.0.19","1.21-latest":"1.21-1.0.13","1.20.1-recommended":"1.20.1-1.0.7","1.20.2-recommended":"1.20.2-1.0.7","1.20-latest":"1.20-1.0.5","1.18.2-recommended":"1.18.2-1.0.2","1.18.1-recommended":"1.18.1-1.0.2","1.20.1-latest":"1.20.1-1.0.18","1.20.2-latest":"1.20.2-1.0.8","1.19.2-latest":"1.19.2-1.0.14","1.19.4-latest":"1.19.4-1.0.5","1.19.3-latest":"1.19.3-1.0.5","1.19-recommended":"1.19-1.0.5","1.20.4-latest":"1.20.4-1.0.11","1.19.1-latest":"1.19.1-1.0.5","1.20.6-latest":"1.20.6-1.0.11"},"1.20.6":{"1.20.6-1.0.11":"Updated to 1.20.6"},"1.21.5":{"1.21.5-1.0.18":"Updated Simplified Chinese translation"},"1.21.4":{"1.21.4-1.0.18":"Updated Simplified Chinese translation"},"homepage":"https://modrepo.de/minecraft/trade_cycling/overview"}
[27Aug2025 00:01:18.021] [Forge Version Check/INFO] [net.minecraftforge.fml.VersionChecker/]: [trade_cycling] Found status: AHEAD Current: 1.20.1-1.0.18 Target: null
[27Aug2025 00:01:18.032] [Forge Version Check/INFO] [net.minecraftforge.fml.VersionChecker/]: [dynamiclights] Starting version check at https://api.modrinth.com/updates/7YjclEGc/forge_updates.json?forge=only
[27Aug2025 00:01:18.511] [Forge Version Check/DEBUG] [net.minecraftforge.fml.VersionChecker/]: [dynamiclights] Received version check data:
{"homepage":"https://modrinth.com/mod/7YjclEGc","promos":{"1.20-rc1-latest":"1.8.9+mod","1.20.5-pre4-latest":"1.8.9+mod","23w16a-recommended":"1.8.9+mod","1.20.5-rc1-recommended":"1.8.9+mod","1.21.2-recommended":"1.8.9+mod","24w33a-latest":"1.8.9+mod","1.19.4-rc3-latest":"1.8.9+mod","1.19.2-rc2-latest":"1.8.9+mod","23w41a-latest":"1.8.9+mod","22w42a-recommended":"1.8.9+mod","24w12a-recommended":"1.8.9+mod","1.21.4-rc1-recommended":"1.8.9+mod","24w13a-latest":"1.8.9+mod","23w32a-recommended":"1.8.9+mod","1.21-latest":"1.8.9+mod","25w02a-latest":"1.8.9+mod","1.18.1-rc1-recommended":"1.8.9+mod","1.18-pre1-latest":"1.8.9+mod","1.21.5-rc2-latest":"1.8.9+mod","1.20.5-pre1-recommended":"1.8.9+mod","23w16a-latest":"1.8.9+mod","1.21.2-latest":"1.8.9+mod","1.19.4-pre4-latest":"1.8.9+mod","1.20.2-latest":"1.8.9+mod","23w51b-recommended":"1.8.9+mod","24w40a-latest":"1.8.9+mod","1.20.4-recommended":"1.8.9+mod","1.19.1-pre6-recommended":"1.8.9+mod","22w11a-latest":"1.8.9+mod","24w19a-latest":"1.8.9+mod","1.18-rc3-latest":"1.8.9+mod","23w51a-latest":"1.8.9+mod","1.20-pre3-recommended":"1.8.9+mod","1.20-recommended":"1.8.9+mod","22w45a-recommended":"1.8.9+mod","1.20-pre5-recommended":"1.8.9+mod","24w20a-recommended":"1.8.9+mod","25w05a-latest":"1.8.9+mod","1.19.1-rc2-recommended":"1.8.9+mod","22w13a-latest":"1.8.9+mod","1.19.3-recommended":"1.8.9+mod","25w03a-recommended":"1.8.9+mod","1.19-recommended":"1.8.9+mod","1.19.2-latest":"1.8.9+mod","1.18-rc1-recommended":"1.8.9+mod","1.18.2-pre2-latest":"1.8.9+mod","1.20.2-pre4-latest":"1.8.9+mod","1.20.4-rc1-recommended":"1.8.9+mod","1.20.5-pre3-latest":"1.8.9+mod","1.18-pre4-latest":"1.8.9+mod","1.20-pre2-latest":"1.8.9+mod","24w03a-latest":"1.8.9+mod","1.19.4-rc3-recommended":"1.8.9+mod","24w05a-latest":"1.8.9+mod","24w37a-latest":"1.8.9+mod","24w33a-recommended":"1.8.9+mod","22w16b-recommended":"1.8.9+mod","23w43a-recommended":"1.8.9+mod","1.21.4-pre2-recommended":"1.8.9+mod","22w16a-latest":"1.8.9+mod","1.21-pre2-recommended":"1.8.9+mod","23w05a-recommended":"1.8.9+mod","1.18-pre8-latest":"1.8.9+mod","1.20.6-rc1-latest":"1.8.9+mod","1.20.2-pre4-recommended":"1.8.9+mod","22w19a-latest":"1.8.9+mod","22w03a-latest":"1.8.9+mod","1.20.1-latest":"1.8.9+mod","22w46a-recommended":"1.8.9+mod","1.18-rc4-recommended":"1.8.9+mod","1.19.3-pre1-recommended":"1.8.9+mod","23w14a-recommended":"1.8.9+mod","23w32a-latest":"1.8.9+mod","1.20-pre3-latest":"1.8.9+mod","1.18-pre3-latest":"1.8.9+mod","1.19-pre4-latest":"1.8.9+mod","1.17.1-rc2-recommended":"1.8.9+mod","22w15a-latest":"1.8.9+mod","24w10a-latest":"1.8.9+mod","1.20-pre1-latest":"1.8.9+mod","24w35a-recommended":"1.8.9+mod","1.19.4-pre4-recommended":"1.8.9+mod","1.21.4-pre3-recommended":"1.8.9+mod","23w18a-recommended":"1.8.9+mod","21w41a-recommended":"1.8.9+mod","1.20.3-pre4-recommended":"1.8.9+mod","24w04a-recommended":"1.8.9+mod","22w12a-recommended":"1.8.9+mod","1.21.5-pre1-latest":"1.8.9+mod","24w19b-recommended":"1.8.9+mod","1.19.4-pre1-latest":"1.8.9+mod","1.19.4-pre3-recommended":"1.8.9+mod","21w38a-latest":"1.8.9+mod","1.21.2-pre2-latest":"1.8.9+mod","1.20-pre2-recommended":"1.8.9+mod","1.19.1-pre1-recommended":"1.8.9+mod","24w39a-recommended":"1.8.9+mod","24w44a-recommended":"1.8.9+mod","1.20-pre6-latest":"1.8.9+mod","21w39a-latest":"1.8.9+mod","1.21.5-pre3-latest":"1.8.9+mod","24w09a-recommended":"1.8.9+mod","21w39a-recommended":"1.8.9+mod","24w04a-latest":"1.8.9+mod","1.21.5-rc1-latest":"1.8.9+mod","1.20.2-rc2-latest":"1.8.9+mod","1.21.4-rc2-latest":"1.8.9+mod","21w41a-latest":"1.8.9+mod","1.19-pre5-latest":"1.8.9+mod","1.18.2-pre1-latest":"1.8.9+mod","1.21.4-latest":"1.8.9+mod","1.20.5-rc3-latest":"1.8.9+mod","1.21.5-recommended":"1.8.9+mod","1.19.1-pre6-latest":"1.8.9+mod","25w09a-latest":"1.8.9+mod","1.18.1-pre1-recommended":"1.8.9+mod","1.20.3-pre3-recommended":"1.8.9+mod","25w08a-latest":"1.8.9+mod","1.21-recommended":"1.8.9+mod","22w15a-recommended":"1.8.9+mod","1.19.1-pre3-latest":"1.8.9+mod","1.20.5-rc3-recommended":"1.8.9+mod","1.21-rc1-latest":"1.8.9+mod","1.18-pre6-latest":"1.8.9+mod","1.20.5-pre2-latest":"1.8.9+mod","23w12a-recommended":"1.8.9+mod","23w07a-recommended":"1.8.9+mod","1.17-latest":"1.8.9+mod","1.18-rc4-latest":"1.8.9+mod","1.20.5-rc2-recommended":"1.8.9+mod","1.19.2-recommended":"1.8.9+mod","22w12a-latest":"1.8.9+mod","23w13a_or_b-latest":"1.8.9+mod","22w14a-latest":"1.8.9+mod","1.18.2-rc1-recommended":"1.8.9+mod","24w34a-latest":"1.8.9+mod","1.21.2-pre3-latest":"1.8.9+mod","23w43a-latest":"1.8.9+mod","1.20.6-recommended":"1.8.9+mod","1.21.2-pre1-recommended":"1.8.9+mod","25w07a-latest":"1.8.9+mod","24w38a-recommended":"1.8.9+mod","1.18-rc2-latest":"1.8.9+mod","23w03a-latest":"1.8.9+mod","1.21.4-pre3-latest":"1.8.9+mod","1.20-pre7-latest":"1.8.9+mod","1.21.4-recommended":"1.8.9+mod","1.21-pre2-latest":"1.8.9+mod","1.21.5-rc2-recommended":"1.8.9+mod","25w09b-latest":"1.8.9+mod","1.17.1-pre1-recommended":"1.8.9+mod","1.17.1-pre1-latest":"1.8.9+mod","23w04a-recommended":"1.8.9+mod","1.21.2-rc1-latest":"1.8.9+mod","24w10a-recommended":"1.8.9+mod","22w13a-recommended":"1.8.9+mod","1.18.2-recommended":"1.8.9+mod","24w03b-recommended":"1.8.9+mod","1.20-latest":"1.8.9+mod","22w16a-recommended":"1.8.9+mod","24w14a-latest":"1.8.9+mod","1.20.2-rc1-recommended":"1.8.9+mod","1.20.1-rc1-recommended":"1.8.9+mod","1.20-pre4-latest":"1.8.9+mod","1.21-pre3-latest":"1.8.9+mod","22w16b-latest":"1.8.9+mod","22w44a-latest":"1.8.9+mod","1.19.3-rc2-recommended":"1.8.9+mod","22w43a-latest":"1.8.9+mod","24w06a-recommended":"1.8.9+mod","1.19.3-pre2-recommended":"1.8.9+mod","25w02a-recommended":"1.8.9+mod","24w14potato-recommended":"1.8.9+mod","1.21.2-pre5-latest":"1.8.9+mod","1.20.3-rc1-recommended":"1.8.9+mod","25w03a-latest":"1.8.9+mod","1.17.1-recommended":"1.8.9+mod","1.20.3-pre3-latest":"1.8.9+mod","1.21.4-rc1-latest":"1.8.9+mod","23w41a-recommended":"1.8.9+mod","21w42a-latest":"1.8.9+mod","1.21-pre3-recommended":"1.8.9+mod","1.18.2-pre3-latest":"1.8.9+mod","1.19.3-latest":"1.8.9+mod","1.21.1-recommended":"1.8.9+mod","1.19-rc2-recommended":"1.8.9+mod","1.20.5-pre4-recommended":"1.8.9+mod","22w05a-recommended":"1.8.9+mod","1.20-pre7-recommended":"1.8.9+mod","1.18-rc2-recommended":"1.8.9+mod","23w46a-recommended":"1.8.9+mod","24w19a-recommended":"1.8.9+mod","1.19.1-pre5-latest":"1.8.9+mod","21w43a-latest":"1.8.9+mod","1.21.5-pre2-latest":"1.8.9+mod","21w37a-recommended":"1.8.9+mod","25w07a-recommended":"1.8.9+mod","1.19.4-rc2-latest":"1.8.9+mod","23w43b-latest":"1.8.9+mod","1.20.4-rc1-latest":"1.8.9+mod","24w45a-recommended":"1.8.9+mod","23w51b-latest":"1.8.9+mod","25w10a-recommended":"1.8.9+mod","1.19.1-rc1-recommended":"1.8.9+mod","22w24a-recommended":"1.8.9+mod","23w06a-latest":"1.8.9+mod","23w04a-latest":"1.8.9+mod","1.21.2-rc1-recommended":"1.8.9+mod","22w46a-latest":"1.8.9+mod","24w12a-latest":"1.8.9+mod","25w10a-latest":"1.8.9+mod","1.20.1-rc1-latest":"1.8.9+mod","1.19.4-pre2-recommended":"1.8.9+mod","23w13a_or_b-recommended":"1.8.9+mod","1.18.1-recommended":"1.8.9+mod","1.19.1-pre4-recommended":"1.8.9+mod","1.18.1-rc3-recommended":"1.8.9+mod","24w03b-latest":"1.8.9+mod","21w38a-recommended":"1.8.9+mod","1.20.5-pre3-recommended":"1.8.9+mod","1.21-pre4-recommended":"1.8.9+mod","1.21.2-pre2-recommended":"1.8.9+mod","1.17.1-rc2-latest":"1.8.9+mod","24w05b-recommended":"1.8.9+mod","24w05b-latest":"1.8.9+mod","24w38a-latest":"1.8.9+mod","1.18-pre3-recommended":"1.8.9+mod","22w17a-latest":"1.8.9+mod","1.19.4-latest":"1.8.9+mod","1.21-pre1-recommended":"1.8.9+mod","1.18-rc1-latest":"1.8.9+mod","1.19.3-pre2-latest":"1.8.9+mod","1.20.5-recommended":"1.8.9+mod","1.21.5-pre3-recommended":"1.8.9+mod","1.20-pre1-recommended":"1.8.9+mod","23w46a-latest":"1.8.9+mod","24w05a-recommended":"1.8.9+mod","1.19.2-rc1-latest":"1.8.9+mod","24w34a-recommended":"1.8.9+mod","24w36a-latest":"1.8.9+mod","1.19.2-rc1-recommended":"1.8.9+mod","24w18a-recommended":"1.8.9+mod","21w44a-latest":"1.8.9+mod","1.18.1-rc3-latest":"1.8.9+mod","1.19-pre4-recommended":"1.8.9+mod","1.21.2-pre1-latest":"1.8.9+mod","1.19.4-pre1-recommended":"1.8.9+mod","24w21a-recommended":"1.8.9+mod","1.20.5-rc2-latest":"1.8.9+mod","25w08a-recommended":"1.8.9+mod","1.21.1-rc1-latest":"1.8.9+mod","25w06a-latest":"1.8.9+mod","1.18-pre7-recommended":"1.8.9+mod","1.17.1-rc1-latest":"1.8.9+mod","1.19.4-pre2-latest":"1.8.9+mod","1.19.1-pre4-latest":"1.8.9+mod","22w03a-recommended":"1.8.9+mod","23w51a-recommended":"1.8.9+mod","25w06a-recommended":"1.8.9+mod","24w19b-latest":"1.8.9+mod","1.21.5-latest":"1.8.9+mod","1.21.2-rc2-recommended":"1.8.9+mod","1.19-pre2-recommended":"1.8.9+mod","1.20.3-pre2-latest":"1.8.9+mod","1.19.3-pre3-latest":"1.8.9+mod","1.20.3-latest":"1.8.9+mod","1.21-rc1-recommended":"1.8.9+mod","25w09b-recommended":"1.8.9+mod","21w44a-recommended":"1.8.9+mod","1.21.3-recommended":"1.8.9+mod","1.19.1-rc3-latest":"1.8.9+mod","22w44a-recommended":"1.8.9+mod","1.20.4-latest":"1.8.9+mod","24w06a-latest":"1.8.9+mod","1.20.5-pre1-latest":"1.8.9+mod","1.18-recommended":"1.8.9+mod","1.19.3-pre1-latest":"1.8.9+mod","1.18-pre4-recommended":"1.8.9+mod","1.19.4-rc1-recommended":"1.8.9+mod","23w43b-recommended":"1.8.9+mod","1.19.3-rc2-latest":"1.8.9+mod","1.20.3-pre1-latest":"1.8.9+mod","1.20.5-rc1-latest":"1.8.9+mod","1.19.1-latest":"1.8.9+mod","1.21.1-latest":"1.8.9+mod","24w21b-recommended":"1.8.9+mod","1.20.3-pre4-latest":"1.8.9+mod","1.21-pre1-latest":"1.8.9+mod","22w07a-recommended":"1.8.9+mod","1.19.3-rc3-latest":"1.8.9+mod","24w45a-latest":"1.8.9+mod","1.21.2-pre5-recommended":"1.8.9+mod","1.20.2-pre2-latest":"1.8.9+mod","1.19.1-pre1-latest":"1.8.9+mod","24w18a-latest":"1.8.9+mod","1.20.3-pre2-recommended":"1.8.9+mod","1.21.4-rc2-recommended":"1.8.9+mod","23w40a-latest":"1.8.9+mod","1.17.1-latest":"1.8.9+mod","24w07a-latest":"1.8.9+mod","1.19.4-pre3-latest":"1.8.9+mod","1.20-pre5-latest":"1.8.9+mod","1.19.4-rc2-recommended":"1.8.9+mod","1.20.5-pre2-recommended":"1.8.9+mod","1.18.1-rc1-latest":"1.8.9+mod","1.20.2-rc2-recommended":"1.8.9+mod","1.20.2-pre1-latest":"1.8.9+mod","1.19.3-rc3-recommended":"1.8.9+mod","23w12a-latest":"1.8.9+mod","1.18.2-rc1-latest":"1.8.9+mod","23w31a-latest":"1.8.9+mod","1.19.4-rc1-latest":"1.8.9+mod","1.18-pre7-latest":"1.8.9+mod","22w14a-recommended":"1.8.9+mod","24w11a-latest":"1.8.9+mod","23w17a-recommended":"1.8.9+mod","1.19-rc1-recommended":"1.8.9+mod","1.18-pre2-recommended":"1.8.9+mod","23w35a-recommended":"1.8.9+mod","1.21.4-pre1-latest":"1.8.9+mod","1.19-latest":"1.8.9+mod","22w24a-latest":"1.8.9+mod","23w44a-latest":"1.8.9+mod","23w03a-recommended":"1.8.9+mod","1.19.1-rc3-recommended":"1.8.9+mod","22w19a-recommended":"1.8.9+mod","1.17.1-pre3-recommended":"1.8.9+mod","1.19.1-pre3-recommended":"1.8.9+mod","1.20.5-latest":"1.8.9+mod","1.21.2-pre4-recommended":"1.8.9+mod","22w18a-latest":"1.8.9+mod","1.20.6-latest":"1.8.9+mod","1.18-pre5-latest":"1.8.9+mod","23w13a-latest":"1.8.9+mod","23w40a-recommended":"1.8.9+mod","1.20.6-rc1-recommended":"1.8.9+mod","1.18.2-latest":"1.8.9+mod","1.18.2-pre3-recommended":"1.8.9+mod","23w18a-latest":"1.8.9+mod","22w17a-recommended":"1.8.9+mod","24w14a-recommended":"1.8.9+mod","1.19.3-rc1-latest":"1.8.9+mod","24w20a-latest":"1.8.9+mod","1.18-pre6-recommended":"1.8.9+mod","1.18-latest":"1.8.9+mod","24w37a-recommended":"1.8.9+mod","1.21.3-latest":"1.8.9+mod","22w07a-latest":"1.8.9+mod","1.21.5-rc1-recommended":"1.8.9+mod","24w07a-recommended":"1.8.9+mod","1.21.5-pre2-recommended":"1.8.9+mod","23w33a-recommended":"1.8.9+mod","1.20.2-pre3-latest":"1.8.9+mod","1.20.3-rc1-latest":"1.8.9+mod","1.20-pre6-recommended":"1.8.9+mod","1.18.1-rc2-latest":"1.8.9+mod","1.21.2-pre4-latest":"1.8.9+mod","1.18-pre5-recommended":"1.8.9+mod","24w44a-latest":"1.8.9+mod","23w33a-latest":"1.8.9+mod","1.17.1-rc1-recommended":"1.8.9+mod","1.19.1-pre2-recommended":"1.8.9+mod","22w13oneblockatatime-latest":"1.8.9+mod","1.19-pre2-latest":"1.8.9+mod","1.18-pre2-latest":"1.8.9+mod","24w21a-latest":"1.8.9+mod","1.18-pre1-recommended":"1.8.9+mod","25w04a-recommended":"1.8.9+mod","23w35a-latest":"1.8.9+mod","1.19-pre3-recommended":"1.8.9+mod","21w40a-recommended":"1.8.9+mod","21w42a-recommended":"1.8.9+mod","24w11a-recommended":"1.8.9+mod","1.19.3-rc1-recommended":"1.8.9+mod","23w06a-recommended":"1.8.9+mod","23w14a-latest":"1.8.9+mod","1.18.2-pre1-recommended":"1.8.9+mod","21w37a-latest":"1.8.9+mod","1.17-recommended":"1.8.9+mod","1.20.2-rc1-latest":"1.8.9+mod","25w04a-latest":"1.8.9+mod","1.19-pre1-latest":"1.8.9+mod","24w03a-recommended":"1.8.9+mod","1.21.4-pre1-recommended":"1.8.9+mod","21w40a-latest":"1.8.9+mod","1.21.2-pre3-recommended":"1.8.9+mod","25w09a-recommended":"1.8.9+mod","1.19.1-recommended":"1.8.9+mod","1.20.2-pre1-recommended":"1.8.9+mod","22w05a-latest":"1.8.9+mod","1.19.3-pre3-recommended":"1.8.9+mod","22w11a-recommended":"1.8.9+mod","1.21.1-rc1-recommended":"1.8.9+mod","23w17a-latest":"1.8.9+mod","24w39a-latest":"1.8.9+mod","23w05a-latest":"1.8.9+mod","1.19.1-rc2-latest":"1.8.9+mod","24w46a-recommended":"1.8.9+mod","1.21.4-rc3-recommended":"1.8.9+mod","1.17.1-pre2-latest":"1.8.9+mod","1.20.2-pre3-recommended":"1.8.9+mod","1.19-rc2-latest":"1.8.9+mod","24w14potato-latest":"1.8.9+mod","1.17.1-pre3-latest":"1.8.9+mod","1.20.3-pre1-recommended":"1.8.9+mod","1.19.1-pre2-latest":"1.8.9+mod","1.18.1-rc2-recommended":"1.8.9+mod","1.19-pre5-recommended":"1.8.9+mod","23w42a-recommended":"1.8.9+mod","23w45a-recommended":"1.8.9+mod","1.20.2-pre2-recommended":"1.8.9+mod","1.19-pre3-latest":"1.8.9+mod","1.19.1-rc1-latest":"1.8.9+mod","23w31a-recommended":"1.8.9+mod","23w44a-recommended":"1.8.9+mod","1.20.1-recommended":"1.8.9+mod","24w09a-latest":"1.8.9+mod","22w18a-recommended":"1.8.9+mod","22w06a-latest":"1.8.9+mod","1.21.2-rc2-latest":"1.8.9+mod","22w45a-latest":"1.8.9+mod","24w13a-recommended":"1.8.9+mod","1.20.3-recommended":"1.8.9+mod","1.21.5-pre1-recommended":"1.8.9+mod","1.21-pre4-latest":"1.8.9+mod","21w43a-recommended":"1.8.9+mod","22w06a-recommended":"1.8.9+mod","25w05a-recommended":"1.8.9+mod","23w07a-latest":"1.8.9+mod","23w42a-latest":"1.8.9+mod","1.20.2-recommended":"1.8.9+mod","22w13oneblockatatime-recommended":"1.8.9+mod","1.19.2-rc2-recommended":"1.8.9+mod","1.18-pre8-recommended":"1.8.9+mod","1.19.1-pre5-recommended":"1.8.9+mod","24w35a-latest":"1.8.9+mod","1.20-rc1-recommended":"1.8.9+mod","24w21b-latest":"1.8.9+mod","22w42a-latest":"1.8.9+mod","1.18.2-pre2-recommended":"1.8.9+mod","1.18-rc3-recommended":"1.8.9+mod","22w43a-recommended":"1.8.9+mod","1.19-pre1-recommended":"1.8.9+mod","23w13a-recommended":"1.8.9+mod","1.19-rc1-latest":"1.8.9+mod","24w46a-latest":"1.8.9+mod","1.21.4-pre2-latest":"1.8.9+mod","1.18.1-latest":"1.8.9+mod","23w45a-latest":"1.8.9+mod","24w40a-recommended":"1.8.9+mod","1.20-pre4-recommended":"1.8.9+mod","24w36a-recommended":"1.8.9+mod","1.18.1-pre1-latest":"1.8.9+mod","1.17.1-pre2-recommended":"1.8.9+mod","1.21.4-rc3-latest":"1.8.9+mod","1.19.4-recommended":"1.8.9+mod"}}
[27Aug2025 00:01:18.521] [Forge Version Check/INFO] [net.minecraftforge.fml.VersionChecker/]: [dynamiclights] Found status: OUTDATED Current: 1.8.6+mod Target: 1.8.9+mod
[27Aug2025 00:01:18.523] [Forge Version Check/INFO] [net.minecraftforge.fml.VersionChecker/]: [forge] Starting version check at https://files.minecraftforge.net/net/minecraftforge/forge/promotions_slim.json
[27Aug2025 00:01:18.766] [Forge Version Check/DEBUG] [net.minecraftforge.fml.VersionChecker/]: [forge] Received version check data:
{
  "homepage": "https://files.minecraftforge.net/net/minecraftforge/forge/",
  "promos": {
    "1.1-latest": "1.3.4.29",
    "1.2.3-latest": "1.4.1.64",
    "1.2.4-latest": "2.0.0.68",
    "1.2.5-latest": "3.4.9.171",
    "1.3.2-latest": "4.3.5.318",
    "1.4.0-latest": "5.0.0.326",
    "1.4.1-latest": "6.0.0.329",
    "1.4.2-latest": "6.0.1.355",
    "1.4.3-latest": "6.2.1.358",
    "1.4.4-latest": "6.3.0.378",
    "1.4.5-latest": "6.4.2.448",
    "1.4.6-latest": "6.5.0.489",
    "1.4.7-latest": "6.6.2.534",
    "1.5-latest": "7.7.0.598",
    "1.5.1-latest": "7.7.2.682",
    "1.5.2-latest": "7.8.1.738",
    "1.5.2-recommended": "7.8.1.738",
    "1.6.1-latest": "8.9.0.775",
    "1.6.2-latest": "9.10.1.871",
    "1.6.2-recommended": "9.10.1.871",
    "1.6.3-latest": "9.11.0.878",
    "1.6.4-latest": "9.11.1.1345",
    "1.6.4-recommended": "9.11.1.1345",
    "1.7.2-latest": "10.12.2.1161",
    "1.7.2-recommended": "10.12.2.1161",
    "1.7.10_pre4-latest": "10.12.2.1149",
    "1.7.10-latest": "10.13.4.1614",
    "1.7.10-recommended": "10.13.4.1614",
    "1.8-latest": "11.14.4.1577",
    "1.8-recommended": "11.14.4.1563",
    "1.8.8-latest": "11.15.0.1655",
    "1.8.9-latest": "11.15.1.2318",
    "1.8.9-recommended": "11.15.1.2318",
    "1.9-latest": "12.16.1.1938",
    "1.9-recommended": "12.16.1.1887",
    "1.9.4-latest": "12.17.0.2317",
    "1.9.4-recommended": "12.17.0.2317",
    "1.10-latest": "12.18.0.2000",
    "1.10.2-latest": "12.18.3.2511",
    "1.10.2-recommended": "12.18.3.2511",
    "1.11-latest": "13.19.1.2199",
    "1.11-recommended": "13.19.1.2189",
    "1.11.2-latest": "13.20.1.2588",
    "1.11.2-recommended": "13.20.1.2588",
    "1.12-latest": "14.21.1.2443",
    "1.12-recommended": "14.21.1.2387",
    "1.12.1-latest": "14.22.1.2485",
    "1.12.1-recommended": "14.22.1.2478",
    "1.12.2-latest": "14.23.5.2860",
    "1.12.2-recommended": "14.23.5.2859",
    "1.13.2-latest": "25.0.223",
    "1.14.2-latest": "26.0.63",
    "1.14.3-latest": "27.0.60",
    "1.14.4-latest": "28.2.26",
    "1.14.4-recommended": "28.2.26",
    "1.15-latest": "29.0.4",
    "1.15.1-latest": "30.0.51",
    "1.15.2-latest": "31.2.60",
    "1.15.2-recommended": "31.2.57",
    "1.16.1-latest": "32.0.108",
    "1.16.2-latest": "33.0.61",
    "1.16.3-latest": "34.1.42",
    "1.16.3-recommended": "34.1.0",
    "1.16.4-latest": "35.1.37",
    "1.16.4-recommended": "35.1.4",
    "1.16.5-latest": "36.2.42",
    "1.16.5-recommended": "36.2.34",
    "1.17.1-latest": "37.1.1",
    "1.17.1-recommended": "37.1.1",
    "1.18-latest": "38.0.17",
    "1.18.1-latest": "39.1.2",
    "1.18.1-recommended": "39.1.0",
    "1.18.2-recommended": "40.3.0",
    "1.18.2-latest": "40.3.11",
    "1.19-latest": "41.1.0",
    "1.19-recommended": "41.1.0",
    "1.19.1-latest": "42.0.9",
    "1.19.2-recommended": "43.5.0",
    "1.19.2-latest": "43.5.1",
    "1.19.3-latest": "44.1.23",
    "1.19.3-recommended": "44.1.0",
    "1.19.4-recommended": "45.4.0",
    "1.19.4-latest": "45.4.2",
    "1.20-latest": "46.0.14",
    "1.20.1-recommended": "47.4.0",
    "1.20.1-latest": "47.4.6",
    "1.20.2-latest": "48.1.0",
    "1.20.2-recommended": "48.1.0",
    "1.20.3-latest": "49.0.2",
    "1.20.4-latest": "49.2.0",
    "1.20.4-recommended": "49.2.0",
    "1.20.6-latest": "50.2.1",
    "1.20.6-recommended": "50.2.0",
    "1.21-latest": "51.0.33",
    "1.21.1-latest": "52.1.3",
    "1.21.1-recommended": "52.1.0",
    "1.21.3-latest": "53.1.2",
    "1.21.3-recommended": "53.1.0",
    "1.21.4-latest": "54.1.6",
    "1.21.4-recommended": "54.1.0",
    "1.21.5-latest": "55.0.24",
    "1.21.6-latest": "56.0.9",
    "1.21.7-latest": "57.0.3",
    "1.21.8-latest": "58.0.10"
  }
}
[27Aug2025 00:01:18.769] [Forge Version Check/INFO] [net.minecraftforge.fml.VersionChecker/]: [forge] Found status: OUTDATED Current: 47.4.5 Target: 47.4.6
[27Aug2025 00:01:18.770] [Forge Version Check/INFO] [net.minecraftforge.fml.VersionChecker/]: [twilightforest] Starting version check at https://gh.tamaized.com/TeamTwilight/twilightforest/update.json
[27Aug2025 00:01:26.912] [main/DEBUG] [net.minecraftforge.coremod.transformer.CoreModBaseTransformer/COREMOD]: Transforming <init> with desc (JZZLjava/util/Optional;)V
[27Aug2025 00:01:26.977] [main/DEBUG] [net.minecraftforge.coremod.transformer.CoreModBaseTransformer/COREMOD]: Transforming m_226857_ with desc (Lnet/minecraft/world/level/levelgen/structure/pieces/StructurePieceSerializationContext;Lnet/minecraft/nbt/CompoundTag;J)Lnet/minecraft/world/level/levelgen/structure/StructureStart;
[27Aug2025 00:01:27.080] [main/INFO] [com.mojang.authlib.yggdrasil.YggdrasilAuthenticationService/]: Environment: authHost='https://authserver.mojang.com', accountsHost='https://api.mojang.com', sessionHost='https://sessionserver.mojang.com', servicesHost='https://api.minecraftservices.com', name='PROD'
[27Aug2025 00:01:33.308] [main/WARN] [net.minecraft.server.packs.VanillaPackResourcesBuilder/]: Assets URL 'union:/root/minecraft-1.20.1/libraries/net/minecraft/server/1.20.1-20230612.114412/server-1.20.1-20230612.114412-srg.jar%23129!/assets/.mcassetsroot' uses unexpected schema
[27Aug2025 00:01:33.309] [main/WARN] [net.minecraft.server.packs.VanillaPackResourcesBuilder/]: Assets URL 'union:/root/minecraft-1.20.1/libraries/net/minecraft/server/1.20.1-20230612.114412/server-1.20.1-20230612.114412-srg.jar%23129!/data/.mcassetsroot' uses unexpected schema
[27Aug2025 00:01:33.459] [main/DEBUG] [net.minecraftforge.fml.config.ConfigTracker/CONFIG]: Config file tacz-pre.toml for minecraft tracking
[27Aug2025 00:01:33.460] [main/DEBUG] [net.minecraftforge.fml.config.ConfigFileTypeHandler/CONFIG]: Built TOML config for /root/minecraft-1.20.1/tacz/tacz-pre.toml
[27Aug2025 00:01:33.461] [main/DEBUG] [net.minecraftforge.fml.config.ConfigFileTypeHandler/CONFIG]: Loaded TOML config file /root/minecraft-1.20.1/tacz/tacz-pre.toml
[27Aug2025 00:01:33.464] [main/DEBUG] [net.minecraftforge.fml.config.ConfigFileTypeHandler/CONFIG]: Watching TOML config file /root/minecraft-1.20.1/tacz/tacz-pre.toml for changes
[27Aug2025 00:01:33.465] [Thread-1/DEBUG] [net.minecraftforge.fml.config.ConfigFileTypeHandler/CONFIG]: Config file tacz-pre.toml changed, sending notifies
[27Aug2025 00:01:33.466] [Thread-1/DEBUG] [net.minecraftforge.fml.config.ConfigFileTypeHandler/CONFIG]: Config file tacz-pre.toml changed, sending notifies
[27Aug2025 00:01:33.778] [Forge Version Check/WARN] [net.minecraftforge.fml.VersionChecker/]: Failed to process update information
java.net.http.HttpTimeoutException: request timed out
	at jdk.internal.net.http.HttpClientImpl.send(HttpClientImpl.java:921) ~[java.net.http:?]
	at jdk.internal.net.http.HttpClientFacade.send(HttpClientFacade.java:133) ~[java.net.http:?]
	at net.minecraftforge.fml.VersionChecker$1.openUrlString(VersionChecker.java:142) ~[fmlcore-1.20.1-47.4.5.jar%23130!/:?]
	at net.minecraftforge.fml.VersionChecker$1.process(VersionChecker.java:180) ~[fmlcore-1.20.1-47.4.5.jar%23130!/:?]
	at java.lang.Iterable.forEach(Iterable.java:75) ~[?:?]
	at net.minecraftforge.fml.VersionChecker$1.run(VersionChecker.java:117) ~[fmlcore-1.20.1-47.4.5.jar%23130!/:?]
[27Aug2025 00:01:33.787] [Forge Version Check/INFO] [net.minecraftforge.fml.VersionChecker/]: [sound_physics_remastered] Starting version check at https://update.maxhenkel.de/forge/sound_physics_remastered
[27Aug2025 00:01:33.923] [Forge Version Check/DEBUG] [net.minecraftforge.fml.VersionChecker/]: [sound_physics_remastered] Received version check data:
{"1.20.2":{"1.20.2-1.3.1":"Updated dependencies\nFixed mod icon size","1.20.2-1.3.0":""},"1.21.1":{"1.21.1-1.4.15":"Fixed logger crash if config is not initialized yet"},"1.20.1":{"1.20.1-1.4.15":"Fixed logger crash if config is not initialized yet","1.20.1-1.3.0":""},"1.21":{"1.21-1.4.6":""},"1.20":{"1.20-1.1.1":"Updated to 1.20"},"1.18":{"1.18-1.0.3":"Tweaked config values"},"1.19":{"1.19-1.0.15":"Disabled moving sounds by default due to performance impact"},"1.18.2":{"1.18.2-1.0.6":"Fixed crash when playing sounds that are null"},"1.19.1":{"1.19.1-1.0.15":"Disabled moving sounds by default due to performance impact"},"1.19.2":{"1.19.2-1.3.0":"","1.19.2-1.4.5":"Updated Simplified Chinese translation"},"1.19.3":{"1.19.3-1.1.0":"Updated ConfigBuilder\nAdded comments to the config\nRemoved sound blacklist regex\nAdded allowed sounds config\nFixed lag when saving in cloth config GUI\nFixed sound distance allowance not working with playsound commands","1.19.3-1.0.18":"Improved performance when having 'update_moving_sounds' enabled"},"1.19.4":{"1.19.4-1.1.1":"Fixed some cloth config settings not saving properly","1.19.4-1.2.1":""},"1.21.7":{"1.21.7-1.4.14":"Updated to 1.21.7"},"1.21.6":{"1.21.6-1.4.14":"Fixed mixin crash"},"1.17.1":{"1.17.1-1.0.6":"Fixed crash when playing sounds that are null"},"1.18.1":{"1.18.1-1.0.6":"Fixed crash when playing sounds that are null"},"1.21.8":{"1.21.8-1.4.15":"Fixed logger crash if config is not initialized yet"},"1.20.4":{"1.20.4-1.4.5":"Updated Simplified Chinese translation","1.20.4-1.3.0":""},"1.21.3":{"1.21.3-1.4.7":"Fixed issues with sounds being played far away\nFixed lag when being far away from 0, 0"},"promos":{"1.18.1-latest":"1.18.1-1.0.6","1.21.4-latest":"1.21.4-1.4.15","1.21.3-latest":"1.21.3-1.4.7","1.18.2-latest":"1.18.2-1.0.6","1.20-recommended":"1.20-1.1.1","1.19.3-recommended":"1.19.3-1.0.18","1.19.1-recommended":"1.19.1-1.0.15","1.21.5-latest":"1.21.5-1.4.15","1.21.1-latest":"1.21.1-1.4.15","1.21.6-latest":"1.21.6-1.4.14","1.19.4-recommended":"1.19.4-1.1.1","1.19-latest":"1.19-1.0.15","1.17.1-recommended":"1.17.1-1.0.6","1.19.2-recommended":"1.19.2-1.3.0","1.18-latest":"1.18-1.0.3","1.21.8-latest":"1.21.8-1.4.15","1.20.4-recommended":"1.20.4-1.3.0","1.21.7-latest":"1.21.7-1.4.14","1.21-latest":"1.21-1.4.6","1.20.1-recommended":"1.20.1-1.3.0","1.20.2-recommended":"1.20.2-1.3.0","1.20-latest":"1.20-1.1.1","1.18.2-recommended":"1.18.2-1.0.6","1.17.1-latest":"1.17.1-1.0.6","1.18.1-recommended":"1.18.1-1.0.6","1.20.1-latest":"1.20.1-1.4.15","1.20.2-latest":"1.20.2-1.3.1","1.19.2-latest":"1.19.2-1.4.5","1.19.4-latest":"1.19.4-1.2.1","1.19.3-latest":"1.19.3-1.1.0","1.19-recommended":"1.19-1.0.15","1.18-recommended":"1.18-1.0.3","1.20.4-latest":"1.20.4-1.4.5","1.19.1-latest":"1.19.1-1.0.15","1.20.6-latest":"1.20.6-1.4.5"},"1.20.6":{"1.20.6-1.4.5":"Updated Simplified Chinese translation"},"1.21.5":{"1.21.5-1.4.15":"Fixed logger crash if config is not initialized yet"},"1.21.4":{"1.21.4-1.4.15":"Fixed logger crash if config is not initialized yet"},"homepage":"https://www.curseforge.com/minecraft/mc-mods/sound-physics-remastered"}
[27Aug2025 00:01:33.924] [Forge Version Check/INFO] [net.minecraftforge.fml.VersionChecker/]: [sound_physics_remastered] Found status: AHEAD Current: 1.20.1-1.4.15 Target: null
[27Aug2025 00:01:33.930] [Forge Version Check/INFO] [net.minecraftforge.fml.VersionChecker/]: [journeymap] Starting version check at https://forge.curseupdate.com/32274/journeymap
[27Aug2025 00:01:34.107] [Forge Version Check/DEBUG] [net.minecraftforge.fml.VersionChecker/]: [journeymap] Received version check data:
{"promos":{"1.10.2-latest":"1.10.2-5.5.2","1.10.2-recommended":"1.10.2-5.5.2","1.11-latest":"1.11-5.4.6","1.11-recommended":"1.11-5.4.6","1.11.2-latest":"1.11.2-5.5.2","1.11.2-recommended":"1.11.2-5.5.2","1.12-latest":"1.12-5.5.2","1.12-recommended":"1.12-5.5.2","1.12.1-latest":"1.12.1-5.5.2","1.12.1-recommended":"1.12.1-5.5.2","1.12.2-latest":"1.12.2-5.7.1p3","1.12.2-recommended":"1.12.2-5.7.1p3","1.14.4-latest":"5.7.0","1.14.4-recommended":"5.7.0","1.15.2-latest":"5.7.0","1.15.2-recommended":"5.7.0","1.16.2-latest":"5.7.3","1.16.2-recommended":"5.7.3","1.16.3-latest":"5.7.3","1.16.3-recommended":"5.7.3","1.16.4-latest":"5.7.3","1.16.4-recommended":"5.7.3","1.16.5-latest":"5.8.6","1.16.5-recommended":"5.8.6","1.17.1-latest":"5.8.0","1.17.1-recommended":"5.8.0","1.18-latest":"5.8.0alpha9","1.18.1-latest":"5.8.1","1.18.1-recommended":"5.8.1","1.18.2-latest":"5.9.8","1.18.2-recommended":"5.9.8","1.19-latest":"5.8.5","1.19-recommended":"5.8.5","1.19.1-latest":"5.9.0beta2","1.19.2-latest":"5.9.8","1.19.2-recommended":"5.9.8","1.19.3-latest":"5.9.7","1.19.3-recommended":"5.9.7","1.19.4-latest":"5.9.8","1.19.4-recommended":"5.9.8","1.20-latest":"5.9.8","1.20-recommended":"5.9.8","1.20.1-latest":"5.10.3","1.20.1-recommended":"5.10.3","1.20.2-latest":"5.9.21","1.20.2-recommended":"5.9.21","1.20.3-latest":"5.9.18","1.20.3-recommended":"5.9.18","1.20.4-latest":"5.10.0","1.20.4-recommended":"5.10.0","1.20.6-latest":"5.10.0","1.20.6-recommended":"5.10.0","1.21-latest":"1.21-6.0.0-beta.27","1.21.1-latest":"1.21.1-6.0.0-beta.52","1.21.4-latest":"1.21.4-6.0.0-beta.45","1.21.5-latest":"1.21.5-6.0.0-beta.52","1.21.6-latest":"1.21.6-6.0.0-beta.52","1.21.7-latest":"1.21.7-6.0.0-beta.53","1.21.8-latest":"1.21.7-6.0.0-beta.53","1.6.4-latest":"4.0.3","1.6.4-recommended":"4.0.3","1.7.10-latest":"5.2.10","1.7.10-recommended":"5.2.10","1.7.2-latest":"4.0.3","1.7.2-recommended":"4.0.3","1.8-latest":"1.8-5.1.3","1.8-recommended":"1.8-5.1.3","1.8.8-latest":"1.8.8-5.1.3","1.8.8-recommended":"1.8.8-5.1.3","1.8.9-latest":"1.8.9-5.2.4","1.8.9-recommended":"1.8.9-5.2.4","1.9-latest":"1.9-5.5.2","1.9-recommended":"1.9-5.5.2","1.9.4-latest":"1.9.4-5.5.2","1.9.4-recommended":"1.9.4-5.5.2"},"homepage":"https://www.curseforge.com/minecraft/mc-mods/journeymap"}
[27Aug2025 00:01:34.108] [Forge Version Check/INFO] [net.minecraftforge.fml.VersionChecker/]: [journeymap] Found status: UP_TO_DATE Current: 5.10.3 Target: null
[27Aug2025 00:01:41.609] [main/INFO] [tacz/GunPackFinder]: Start scanning for gun packs in /root/minecraft-1.20.1/tacz
[27Aug2025 00:01:41.622] [main/INFO] [tacz/GunPackFinder]: - tacz_default_gun, Main namespace: tacz
[27Aug2025 00:01:41.624] [main/INFO] [tacz/GunPackFinder]: Found 1 possible gunpack(s) and added them to resource set.
[27Aug2025 00:01:42.007] [main/DEBUG] [net.minecraftforge.server.ServerLifecycleHooks/CORE]: Generating PackInfo named mod:mixinextras for mod file 
[27Aug2025 00:01:42.014] [main/DEBUG] [net.minecraftforge.server.ServerLifecycleHooks/CORE]: Generating PackInfo named mod:trade_cycling for mod file /root/minecraft-1.20.1/mods/trade-cycling-forge-1.20.1-1.0.18.jar
[27Aug2025 00:01:42.018] [main/DEBUG] [net.minecraftforge.server.ServerLifecycleHooks/CORE]: Generating PackInfo named mod:geckolib for mod file /root/minecraft-1.20.1/mods/geckolib-forge-1.20.1-4.7.2.jar
[27Aug2025 00:01:42.021] [main/DEBUG] [net.minecraftforge.server.ServerLifecycleHooks/CORE]: Generating PackInfo named mod:jei for mod file /root/minecraft-1.20.1/mods/jei-1.20.1-forge-15.20.0.112.jar
[27Aug2025 00:01:42.025] [main/DEBUG] [net.minecraftforge.server.ServerLifecycleHooks/CORE]: Generating PackInfo named mod:carryon for mod file /root/minecraft-1.20.1/mods/carryon-forge-1.20.1-2.1.2.7.jar
[27Aug2025 00:01:42.028] [main/DEBUG] [net.minecraftforge.server.ServerLifecycleHooks/CORE]: Generating PackInfo named mod:tacz for mod file /root/minecraft-1.20.1/mods/tacz-1.20.1-1.1.6-hotfix.jar
[27Aug2025 00:01:42.031] [main/DEBUG] [net.minecraftforge.server.ServerLifecycleHooks/CORE]: Generating PackInfo named mod:fallingtree for mod file /root/minecraft-1.20.1/mods/FallingTree-1.20.1-4.3.4.jar
[27Aug2025 00:01:42.036] [main/DEBUG] [net.minecraftforge.server.ServerLifecycleHooks/CORE]: Generating PackInfo named mod:notenoughexperience for mod file /root/minecraft-1.20.1/mods/notenoughexperience-1.20.1-2.0.0.jar
[27Aug2025 00:01:42.039] [main/DEBUG] [net.minecraftforge.server.ServerLifecycleHooks/CORE]: Generating PackInfo named mod:dynamiclights for mod file /root/minecraft-1.20.1/mods/dynamiclights-v1.8.6-mc1.17-1.21.5-mod.jar
[27Aug2025 00:01:42.041] [main/DEBUG] [net.minecraftforge.server.ServerLifecycleHooks/CORE]: Generating PackInfo named mod:cloth_config for mod file /root/minecraft-1.20.1/mods/cloth-config-11.1.136-forge.jar
[27Aug2025 00:01:42.044] [main/DEBUG] [net.minecraftforge.server.ServerLifecycleHooks/CORE]: Generating PackInfo named mod:forge for mod file /root/minecraft-1.20.1/libraries/net/minecraftforge/forge/1.20.1-47.4.5/forge-1.20.1-47.4.5-universal.jar
[27Aug2025 00:01:42.045] [main/DEBUG] [net.minecraftforge.server.ServerLifecycleHooks/CORE]: Generating PackInfo named mod:infinitetrading for mod file /root/minecraft-1.20.1/mods/infinitetrading-1.20.1-4.6.jar
[27Aug2025 00:01:42.048] [main/DEBUG] [net.minecraftforge.server.ServerLifecycleHooks/CORE]: Generating PackInfo named mod:twilightforest for mod file /root/minecraft-1.20.1/mods/twilightforest-1.20.1-4.3.2508-universal.jar
[27Aug2025 00:01:42.051] [main/DEBUG] [net.minecraftforge.server.ServerLifecycleHooks/CORE]: Generating PackInfo named mod:sound_physics_remastered for mod file /root/minecraft-1.20.1/mods/sound-physics-remastered-forge-1.20.1-1.4.15.jar
[27Aug2025 00:01:42.052] [main/DEBUG] [net.minecraftforge.server.ServerLifecycleHooks/CORE]: Generating PackInfo named mod:collective for mod file /root/minecraft-1.20.1/mods/collective-1.20.1-8.3.jar
[27Aug2025 00:01:42.053] [main/DEBUG] [net.minecraftforge.server.ServerLifecycleHooks/CORE]: Generating PackInfo named mod:journeymap for mod file /root/minecraft-1.20.1/mods/journeymap-1.20.1-5.10.3-forge.jar
[27Aug2025 00:01:44.513] [main/DEBUG] [mixin/]: Mixing PrimaryLevelDataMixin from collective_forge.mixins.json into net.minecraft.world.level.storage.PrimaryLevelData
[27Aug2025 00:01:44.935] [main/DEBUG] [net.minecraftforge.coremod.transformer.CoreModBaseTransformer/COREMOD]: Transforming net/minecraft/server/commands/SummonCommand
[27Aug2025 00:01:45.929] [Worker-Main-1/DEBUG] [net.minecraftforge.coremod.transformer.CoreModBaseTransformer/COREMOD]: Transforming net/minecraft/world/entity/raid/Raid
[27Aug2025 00:01:47.941] [main/INFO] [net.minecraft.world.item.crafting.RecipeManager/]: Skipping loading recipe twilightforest:jeed/poison as it's serializer returned null
[27Aug2025 00:01:48.037] [main/INFO] [net.minecraft.world.item.crafting.RecipeManager/]: Skipping loading recipe twilightforest:jeed/frosted as it's serializer returned null
[27Aug2025 00:01:48.052] [main/INFO] [net.minecraft.world.item.crafting.RecipeManager/]: Skipping loading recipe twilightforest:jeed/blindness as it's serializer returned null
[27Aug2025 00:01:48.054] [main/INFO] [net.minecraft.world.item.crafting.RecipeManager/]: Skipping loading recipe twilightforest:jeed/hunger as it's serializer returned null
[27Aug2025 00:01:48.058] [main/INFO] [net.minecraft.world.item.crafting.RecipeManager/]: Skipping loading recipe twilightforest:jeed/regeneration as it's serializer returned null
[27Aug2025 00:01:48.062] [main/INFO] [net.minecraft.world.item.crafting.RecipeManager/]: Skipping loading recipe twilightforest:jeed/slowness as it's serializer returned null
[27Aug2025 00:01:48.085] [main/INFO] [net.minecraft.world.item.crafting.RecipeManager/]: Skipping loading recipe twilightforest:jeed/fire_resistance as it's serializer returned null
[27Aug2025 00:01:48.089] [main/INFO] [net.minecraft.world.item.crafting.RecipeManager/]: Skipping loading recipe twilightforest:jeed/resistance as it's serializer returned null
[27Aug2025 00:01:48.095] [main/INFO] [net.minecraft.world.item.crafting.RecipeManager/]: Loaded 11 recipes
[27Aug2025 00:01:48.111] [main/DEBUG] [mixin/]: Mixing AdvancementMixin from mixins.notenoughexperience.json into net.minecraft.advancements.AdvancementRewards
[27Aug2025 00:01:48.440] [main/INFO] [net.minecraft.advancements.AdvancementList/]: Loaded 1594 advancements
[27Aug2025 00:01:48.803] [main/INFO] [twilightforest/]: Loaded 9 Stalactite configs!
[27Aug2025 00:01:54.228] [main/DEBUG] [net.minecraftforge.common.ForgeHooks/WP]: Gathering id map for writing to world save world
[27Aug2025 00:01:54.277] [main/DEBUG] [net.minecraftforge.common.ForgeHooks/WP]: ID Map collection complete world
[27Aug2025 00:01:54.402] [Server thread/INFO] [net.minecraft.server.dedicated.DedicatedServer/]: Starting minecraft server version 1.20.1
[27Aug2025 00:01:54.403] [Server thread/INFO] [net.minecraft.server.dedicated.DedicatedServer/]: Loading properties
[27Aug2025 00:01:54.404] [Server thread/INFO] [net.minecraft.server.dedicated.DedicatedServer/]: Default game type: SURVIVAL
[27Aug2025 00:01:54.404] [Server thread/INFO] [net.minecraft.server.MinecraftServer/]: Generating keypair
[27Aug2025 00:01:54.662] [Server thread/INFO] [net.minecraft.server.dedicated.DedicatedServer/]: Starting Minecraft server on *:25565
[27Aug2025 00:01:54.664] [Server thread/DEBUG] [net.minecraftforge.network.DualStackUtils/]: Detected IPv6 address: "0:0:0:0:0:0:0:0"
[27Aug2025 00:01:54.683] [Server thread/DEBUG] [io.netty.util.internal.NativeLibraryLoader/]: -Dio.netty.native.workdir: /tmp (io.netty.tmpdir)
[27Aug2025 00:01:54.683] [Server thread/DEBUG] [io.netty.util.internal.NativeLibraryLoader/]: -Dio.netty.native.deleteLibAfterLoading: true
[27Aug2025 00:01:54.684] [Server thread/DEBUG] [io.netty.util.internal.NativeLibraryLoader/]: -Dio.netty.native.tryPatchShadedId: true
[27Aug2025 00:01:54.684] [Server thread/DEBUG] [io.netty.util.internal.NativeLibraryLoader/]: -Dio.netty.native.detectNativeLibraryDuplicates: true
[27Aug2025 00:01:54.706] [Server thread/DEBUG] [io.netty.util.internal.NativeLibraryLoader/]: Successfully loaded the library /tmp/libnetty_transport_native_epoll_x86_6410609490323075356722.so
[27Aug2025 00:01:54.717] [Server thread/DEBUG] [io.netty.util.NetUtil/]: -Djava.net.preferIPv4Stack: false
[27Aug2025 00:01:54.717] [Server thread/DEBUG] [io.netty.util.NetUtil/]: -Djava.net.preferIPv6Addresses: true
[27Aug2025 00:01:54.722] [Server thread/DEBUG] [io.netty.util.NetUtilInitializations/]: Loopback interface: lo (lo, 0:0:0:0:0:0:0:1%lo)
[27Aug2025 00:01:54.729] [Server thread/DEBUG] [io.netty.util.NetUtil/]: /proc/sys/net/core/somaxconn: 4096
[27Aug2025 00:01:54.739] [Server thread/INFO] [net.minecraft.server.network.ServerConnectionListener/]: Using epoll channel type
[27Aug2025 00:01:54.782] [Server thread/DEBUG] [io.netty.channel.MultithreadEventLoopGroup/]: -Dio.netty.eventLoopThreads: 4
[27Aug2025 00:01:54.828] [Server thread/DEBUG] [io.netty.util.internal.PlatformDependent/]: org.jctools-core.MpscChunkedArrayQueue: available
[27Aug2025 00:01:54.847] [Server thread/DEBUG] [io.netty.channel.DefaultChannelId/]: -Dio.netty.processId: 51526 (auto-detected)
[27Aug2025 00:01:54.849] [Server thread/DEBUG] [io.netty.channel.DefaultChannelId/]: -Dio.netty.machineId: 42:01:0a:ff:fe:80:00:11 (auto-detected)
[27Aug2025 00:01:54.906] [Server thread/DEBUG] [io.netty.buffer.PooledByteBufAllocator/]: -Dio.netty.allocator.numHeapArenas: 4
[27Aug2025 00:01:54.906] [Server thread/DEBUG] [io.netty.buffer.PooledByteBufAllocator/]: -Dio.netty.allocator.numDirectArenas: 4
[27Aug2025 00:01:54.906] [Server thread/DEBUG] [io.netty.buffer.PooledByteBufAllocator/]: -Dio.netty.allocator.pageSize: 8192
[27Aug2025 00:01:54.906] [Server thread/DEBUG] [io.netty.buffer.PooledByteBufAllocator/]: -Dio.netty.allocator.maxOrder: 9
[27Aug2025 00:01:54.906] [Server thread/DEBUG] [io.netty.buffer.PooledByteBufAllocator/]: -Dio.netty.allocator.chunkSize: 4194304
[27Aug2025 00:01:54.906] [Server thread/DEBUG] [io.netty.buffer.PooledByteBufAllocator/]: -Dio.netty.allocator.smallCacheSize: 256
[27Aug2025 00:01:54.907] [Server thread/DEBUG] [io.netty.buffer.PooledByteBufAllocator/]: -Dio.netty.allocator.normalCacheSize: 64
[27Aug2025 00:01:54.907] [Server thread/DEBUG] [io.netty.buffer.PooledByteBufAllocator/]: -Dio.netty.allocator.maxCachedBufferCapacity: 32768
[27Aug2025 00:01:54.907] [Server thread/DEBUG] [io.netty.buffer.PooledByteBufAllocator/]: -Dio.netty.allocator.cacheTrimInterval: 8192
[27Aug2025 00:01:54.907] [Server thread/DEBUG] [io.netty.buffer.PooledByteBufAllocator/]: -Dio.netty.allocator.cacheTrimIntervalMillis: 0
[27Aug2025 00:01:54.907] [Server thread/DEBUG] [io.netty.buffer.PooledByteBufAllocator/]: -Dio.netty.allocator.useCacheForAllThreads: false
[27Aug2025 00:01:54.907] [Server thread/DEBUG] [io.netty.buffer.PooledByteBufAllocator/]: -Dio.netty.allocator.maxCachedByteBuffersPerChunk: 1023
[27Aug2025 00:01:54.922] [Server thread/DEBUG] [io.netty.buffer.ByteBufUtil/]: -Dio.netty.allocator.type: pooled
[27Aug2025 00:01:54.923] [Server thread/DEBUG] [io.netty.buffer.ByteBufUtil/]: -Dio.netty.threadLocalDirectBufferSize: 0
[27Aug2025 00:01:54.923] [Server thread/DEBUG] [io.netty.buffer.ByteBufUtil/]: -Dio.netty.maxThreadLocalCharBufferSize: 16384
[27Aug2025 00:01:54.948] [Server thread/WARN] [net.minecraft.server.dedicated.DedicatedServer/]: **** SERVER IS RUNNING IN OFFLINE/INSECURE MODE!
[27Aug2025 00:01:54.951] [Server thread/WARN] [net.minecraft.server.dedicated.DedicatedServer/]: The server will make no attempt to authenticate usernames. Beware.
[27Aug2025 00:01:54.952] [Server thread/WARN] [net.minecraft.server.dedicated.DedicatedServer/]: While this makes the game possible to play without internet access, it also opens up the ability for hackers to connect with any username they choose.
[27Aug2025 00:01:54.953] [Server thread/WARN] [net.minecraft.server.dedicated.DedicatedServer/]: To change this, set "online-mode" to "true" in the server.properties file.
[27Aug2025 00:01:54.995] [Server thread/DEBUG] [net.minecraftforge.fml.config.ConfigTracker/CONFIG]: Loading configs type SERVER
[27Aug2025 00:01:54.996] [Server thread/DEBUG] [net.minecraftforge.fml.config.ConfigFileTypeHandler/CONFIG]: Built TOML config for ./world/serverconfig/jei-server.toml
[27Aug2025 00:01:54.997] [Server thread/DEBUG] [net.minecraftforge.fml.config.ConfigFileTypeHandler/CONFIG]: Loaded TOML config file ./world/serverconfig/jei-server.toml
[27Aug2025 00:01:54.999] [Server thread/DEBUG] [net.minecraftforge.fml.config.ConfigFileTypeHandler/CONFIG]: Watching TOML config file ./world/serverconfig/jei-server.toml for changes
[27Aug2025 00:01:55.000] [Server thread/DEBUG] [net.minecraftforge.fml.config.ConfigFileTypeHandler/CONFIG]: Built TOML config for ./world/serverconfig/tacz-server.toml
[27Aug2025 00:01:55.000] [Thread-1/DEBUG] [net.minecraftforge.fml.config.ConfigFileTypeHandler/CONFIG]: Config file jei-server.toml changed, sending notifies
[27Aug2025 00:01:55.001] [Server thread/DEBUG] [net.minecraftforge.fml.config.ConfigFileTypeHandler/CONFIG]: Loaded TOML config file ./world/serverconfig/tacz-server.toml
[27Aug2025 00:01:55.003] [Server thread/DEBUG] [net.minecraftforge.fml.config.ConfigFileTypeHandler/CONFIG]: Watching TOML config file ./world/serverconfig/tacz-server.toml for changes
[27Aug2025 00:01:55.003] [Thread-1/DEBUG] [net.minecraftforge.fml.config.ConfigFileTypeHandler/CONFIG]: Config file jei-server.toml changed, sending notifies
[27Aug2025 00:01:55.011] [Server thread/DEBUG] [net.minecraftforge.fml.config.ConfigFileTypeHandler/CONFIG]: Built TOML config for ./world/serverconfig/notenoughexperience-server.toml
[27Aug2025 00:01:55.011] [Thread-1/DEBUG] [net.minecraftforge.fml.config.ConfigFileTypeHandler/CONFIG]: Config file tacz-server.toml changed, sending notifies
[27Aug2025 00:01:55.012] [Server thread/DEBUG] [net.minecraftforge.fml.config.ConfigFileTypeHandler/CONFIG]: Loaded TOML config file ./world/serverconfig/notenoughexperience-server.toml
[27Aug2025 00:01:55.012] [Thread-1/DEBUG] [net.minecraftforge.fml.config.ConfigFileTypeHandler/CONFIG]: Config file tacz-server.toml changed, sending notifies
[27Aug2025 00:01:55.013] [Server thread/DEBUG] [net.minecraftforge.fml.config.ConfigFileTypeHandler/CONFIG]: Watching TOML config file ./world/serverconfig/notenoughexperience-server.toml for changes
[27Aug2025 00:01:55.014] [Thread-1/DEBUG] [net.minecraftforge.fml.config.ConfigFileTypeHandler/CONFIG]: Config file notenoughexperience-server.toml changed, sending notifies
[27Aug2025 00:01:55.016] [Thread-1/DEBUG] [net.minecraftforge.fml.config.ConfigFileTypeHandler/CONFIG]: Config file notenoughexperience-server.toml changed, sending notifies
[27Aug2025 00:01:55.016] [Server thread/DEBUG] [net.minecraftforge.fml.config.ConfigFileTypeHandler/CONFIG]: Built TOML config for ./world/serverconfig/forge-server.toml
[27Aug2025 00:01:55.016] [Server thread/DEBUG] [net.minecraftforge.fml.config.ConfigFileTypeHandler/CONFIG]: Loaded TOML config file ./world/serverconfig/forge-server.toml
[27Aug2025 00:01:55.017] [Server thread/DEBUG] [net.minecraftforge.fml.config.ConfigFileTypeHandler/CONFIG]: Watching TOML config file ./world/serverconfig/forge-server.toml for changes
[27Aug2025 00:01:55.018] [Server thread/DEBUG] [net.minecraftforge.common.ForgeConfig/FORGEMOD]: Loaded forge config file forge-server.toml
[27Aug2025 00:01:55.018] [Thread-1/DEBUG] [net.minecraftforge.fml.config.ConfigFileTypeHandler/CONFIG]: Config file forge-server.toml changed, sending notifies
[27Aug2025 00:01:55.019] [Thread-1/DEBUG] [net.minecraftforge.common.ForgeConfig/FORGEMOD]: Forge config just got changed on the file system!
[27Aug2025 00:01:55.019] [Thread-1/DEBUG] [net.minecraftforge.fml.config.ConfigFileTypeHandler/CONFIG]: Config file forge-server.toml changed, sending notifies
[27Aug2025 00:01:55.019] [Thread-1/DEBUG] [net.minecraftforge.common.ForgeConfig/FORGEMOD]: Forge config just got changed on the file system!
[27Aug2025 00:01:55.021] [Server thread/DEBUG] [net.minecraftforge.fml.config.ConfigFileTypeHandler/CONFIG]: Built TOML config for ./world/serverconfig/journeymap-server.toml
[27Aug2025 00:01:55.021] [Server thread/DEBUG] [net.minecraftforge.fml.config.ConfigFileTypeHandler/CONFIG]: Loaded TOML config file ./world/serverconfig/journeymap-server.toml
[27Aug2025 00:01:55.022] [Server thread/DEBUG] [net.minecraftforge.fml.config.ConfigFileTypeHandler/CONFIG]: Watching TOML config file ./world/serverconfig/journeymap-server.toml for changes
[27Aug2025 00:01:55.023] [Server thread/INFO] [journeymap/]: Loading JourneyMap Forge Configs
[27Aug2025 00:01:55.025] [Thread-1/DEBUG] [net.minecraftforge.fml.config.ConfigFileTypeHandler/CONFIG]: Config file journeymap-server.toml changed, sending notifies
[27Aug2025 00:01:55.025] [Thread-1/INFO] [journeymap/]: Loading JourneyMap Forge Configs
[27Aug2025 00:01:55.030] [Thread-1/DEBUG] [net.minecraftforge.fml.config.ConfigFileTypeHandler/CONFIG]: Config file journeymap-server.toml changed, sending notifies
[27Aug2025 00:01:55.030] [Thread-1/INFO] [journeymap/]: Loading JourneyMap Forge Configs
[27Aug2025 00:01:55.107] [Server thread/INFO] [net.minecraft.server.dedicated.DedicatedServer/]: Preparing level "world"
[27Aug2025 00:01:55.120] [Server thread/DEBUG] [net.minecraftforge.coremod.transformer.CoreModBaseTransformer/COREMOD]: Transforming net/minecraft/world/level/levelgen/PhantomSpawner
[27Aug2025 00:01:55.148] [Server thread/DEBUG] [net.minecraftforge.coremod.transformer.CoreModBaseTransformer/COREMOD]: Transforming net/minecraft/world/level/levelgen/PatrolSpawner
[27Aug2025 00:01:55.164] [Server thread/DEBUG] [net.minecraftforge.coremod.transformer.CoreModBaseTransformer/COREMOD]: Transforming net/minecraft/world/entity/npc/CatSpawner
[27Aug2025 00:01:55.180] [Server thread/DEBUG] [net.minecraftforge.coremod.transformer.CoreModBaseTransformer/COREMOD]: Transforming net/minecraft/world/entity/ai/village/VillageSiege
[27Aug2025 00:02:19.561] [Server thread/INFO] [net.minecraft.server.MinecraftServer/]: Preparing start region for dimension minecraft:overworld
[27Aug2025 00:02:31.882] [Server thread/DEBUG] [net.minecraftforge.coremod.transformer.CoreModBaseTransformer/COREMOD]: Transforming net/minecraft/world/level/levelgen/structure/templatesystem/StructureTemplate
[27Aug2025 00:02:36.408] [Worker-Main-1/INFO] [net.minecraft.server.level.progress.LoggerChunkProgressListener/]: Preparing spawn area: 0%
[27Aug2025 00:02:36.422] [Worker-Main-1/INFO] [net.minecraft.server.level.progress.LoggerChunkProgressListener/]: Preparing spawn area: 0%
[27Aug2025 00:02:36.426] [Worker-Main-1/INFO] [net.minecraft.server.level.progress.LoggerChunkProgressListener/]: Preparing spawn area: 0%
[27Aug2025 00:02:36.429] [Worker-Main-1/INFO] [net.minecraft.server.level.progress.LoggerChunkProgressListener/]: Preparing spawn area: 0%
[27Aug2025 00:02:36.434] [Worker-Main-1/INFO] [net.minecraft.server.level.progress.LoggerChunkProgressListener/]: Preparing spawn area: 0%
[27Aug2025 00:02:36.439] [Worker-Main-1/INFO] [net.minecraft.server.level.progress.LoggerChunkProgressListener/]: Preparing spawn area: 0%
[27Aug2025 00:02:36.444] [Worker-Main-1/INFO] [net.minecraft.server.level.progress.LoggerChunkProgressListener/]: Preparing spawn area: 0%
[27Aug2025 00:02:36.452] [Worker-Main-1/INFO] [net.minecraft.server.level.progress.LoggerChunkProgressListener/]: Preparing spawn area: 0%
[27Aug2025 00:02:36.456] [Worker-Main-1/INFO] [net.minecraft.server.level.progress.LoggerChunkProgressListener/]: Preparing spawn area: 0%
[27Aug2025 00:02:36.461] [Worker-Main-1/INFO] [net.minecraft.server.level.progress.LoggerChunkProgressListener/]: Preparing spawn area: 0%
[27Aug2025 00:02:36.466] [Worker-Main-1/INFO] [net.minecraft.server.level.progress.LoggerChunkProgressListener/]: Preparing spawn area: 0%
[27Aug2025 00:02:36.472] [Worker-Main-1/INFO] [net.minecraft.server.level.progress.LoggerChunkProgressListener/]: Preparing spawn area: 0%
[27Aug2025 00:02:36.477] [Worker-Main-1/INFO] [net.minecraft.server.level.progress.LoggerChunkProgressListener/]: Preparing spawn area: 0%
[27Aug2025 00:02:36.485] [Worker-Main-1/INFO] [net.minecraft.server.level.progress.LoggerChunkProgressListener/]: Preparing spawn area: 0%
[27Aug2025 00:02:36.491] [Worker-Main-1/INFO] [net.minecraft.server.level.progress.LoggerChunkProgressListener/]: Preparing spawn area: 0%
[27Aug2025 00:02:36.494] [Worker-Main-1/INFO] [net.minecraft.server.level.progress.LoggerChunkProgressListener/]: Preparing spawn area: 0%
[27Aug2025 00:02:36.497] [Worker-Main-1/INFO] [net.minecraft.server.level.progress.LoggerChunkProgressListener/]: Preparing spawn area: 0%
[27Aug2025 00:02:36.500] [Worker-Main-1/INFO] [net.minecraft.server.level.progress.LoggerChunkProgressListener/]: Preparing spawn area: 0%
[27Aug2025 00:02:36.503] [Worker-Main-1/INFO] [net.minecraft.server.level.progress.LoggerChunkProgressListener/]: Preparing spawn area: 0%
[27Aug2025 00:02:36.506] [Worker-Main-1/INFO] [net.minecraft.server.level.progress.LoggerChunkProgressListener/]: Preparing spawn area: 0%
[27Aug2025 00:02:36.508] [Worker-Main-1/INFO] [net.minecraft.server.level.progress.LoggerChunkProgressListener/]: Preparing spawn area: 0%
[27Aug2025 00:02:36.510] [Worker-Main-1/INFO] [net.minecraft.server.level.progress.LoggerChunkProgressListener/]: Preparing spawn area: 0%
[27Aug2025 00:02:36.513] [Worker-Main-1/INFO] [net.minecraft.server.level.progress.LoggerChunkProgressListener/]: Preparing spawn area: 0%
[27Aug2025 00:02:36.515] [Worker-Main-1/INFO] [net.minecraft.server.level.progress.LoggerChunkProgressListener/]: Preparing spawn area: 0%
[27Aug2025 00:02:36.518] [Worker-Main-1/INFO] [net.minecraft.server.level.progress.LoggerChunkProgressListener/]: Preparing spawn area: 0%
[27Aug2025 00:02:36.520] [Worker-Main-1/INFO] [net.minecraft.server.level.progress.LoggerChunkProgressListener/]: Preparing spawn area: 0%
[27Aug2025 00:02:36.523] [Worker-Main-1/INFO] [net.minecraft.server.level.progress.LoggerChunkProgressListener/]: Preparing spawn area: 0%
[27Aug2025 00:02:36.524] [Worker-Main-1/INFO] [net.minecraft.server.level.progress.LoggerChunkProgressListener/]: Preparing spawn area: 0%
[27Aug2025 00:02:36.525] [Worker-Main-1/INFO] [net.minecraft.server.level.progress.LoggerChunkProgressListener/]: Preparing spawn area: 0%
[27Aug2025 00:02:36.527] [Worker-Main-1/INFO] [net.minecraft.server.level.progress.LoggerChunkProgressListener/]: Preparing spawn area: 0%
[27Aug2025 00:02:36.530] [Worker-Main-1/INFO] [net.minecraft.server.level.progress.LoggerChunkProgressListener/]: Preparing spawn area: 0%
[27Aug2025 00:02:36.532] [Worker-Main-1/INFO] [net.minecraft.server.level.progress.LoggerChunkProgressListener/]: Preparing spawn area: 0%
[27Aug2025 00:02:36.534] [Worker-Main-1/INFO] [net.minecraft.server.level.progress.LoggerChunkProgressListener/]: Preparing spawn area: 0%
[27Aug2025 00:02:36.536] [Worker-Main-1/INFO] [net.minecraft.server.level.progress.LoggerChunkProgressListener/]: Preparing spawn area: 0%
[27Aug2025 00:02:36.563] [Worker-Main-1/INFO] [net.minecraft.server.level.progress.LoggerChunkProgressListener/]: Preparing spawn area: 0%
[27Aug2025 00:02:37.062] [Worker-Main-1/INFO] [net.minecraft.server.level.progress.LoggerChunkProgressListener/]: Preparing spawn area: 0%
[27Aug2025 00:02:37.565] [Worker-Main-1/INFO] [net.minecraft.server.level.progress.LoggerChunkProgressListener/]: Preparing spawn area: 0%
[27Aug2025 00:02:38.063] [Worker-Main-1/INFO] [net.minecraft.server.level.progress.LoggerChunkProgressListener/]: Preparing spawn area: 0%
[27Aug2025 00:02:38.563] [Worker-Main-1/INFO] [net.minecraft.server.level.progress.LoggerChunkProgressListener/]: Preparing spawn area: 0%
[27Aug2025 00:02:39.063] [Worker-Main-1/INFO] [net.minecraft.server.level.progress.LoggerChunkProgressListener/]: Preparing spawn area: 0%
[27Aug2025 00:02:39.562] [Worker-Main-1/INFO] [net.minecraft.server.level.progress.LoggerChunkProgressListener/]: Preparing spawn area: 0%
[27Aug2025 00:02:40.142] [Server thread/DEBUG] [io.netty.buffer.AbstractByteBuf/]: -Dio.netty.buffer.checkAccessible: true
[27Aug2025 00:02:40.142] [Server thread/DEBUG] [io.netty.buffer.AbstractByteBuf/]: -Dio.netty.buffer.checkBounds: true
[27Aug2025 00:02:40.143] [Server thread/DEBUG] [io.netty.util.ResourceLeakDetectorFactory/]: Loaded default ResourceLeakDetector: io.netty.util.ResourceLeakDetector@26aa81a
[27Aug2025 00:02:40.362] [Netty Epoll Server IO #1/DEBUG] [io.netty.util.Recycler/]: -Dio.netty.recycler.maxCapacityPerThread: 4096
[27Aug2025 00:02:40.362] [Netty Epoll Server IO #1/DEBUG] [io.netty.util.Recycler/]: -Dio.netty.recycler.ratio: 8
[27Aug2025 00:02:40.367] [Netty Epoll Server IO #1/DEBUG] [io.netty.util.Recycler/]: -Dio.netty.recycler.chunkSize: 32
[27Aug2025 00:02:40.367] [Netty Epoll Server IO #1/DEBUG] [io.netty.util.Recycler/]: -Dio.netty.recycler.blocking: false
[27Aug2025 00:02:40.470] [Netty Epoll Server IO #1/INFO] [net.minecraftforge.server.ServerLifecycleHooks/SERVERHOOKS]: Disconnecting Player (server is still starting): literal{Server is still starting! Please wait before reconnecting.}
[27Aug2025 00:02:40.612] [Server thread/INFO] [net.minecraft.server.level.progress.LoggerChunkProgressListener/]: Time elapsed: 21050 ms
[27Aug2025 00:02:40.613] [Server thread/INFO] [net.minecraft.server.dedicated.DedicatedServer/]: Done (45.618s)! For help, type "help"
[27Aug2025 00:02:40.637] [Server thread/DEBUG] [net.minecraftforge.network.DualStackUtils/]: Detected IPv6 address: "0:0:0:0:0:0:0:0"
[27Aug2025 00:02:40.675] [Server thread/DEBUG] [net.minecraftforge.common.ForgeI18n/CORE]: Loading I18N data entries: 3403
[27Aug2025 00:02:40.686] [Server thread/INFO] [net.minecraftforge.server.permission.PermissionAPI/]: Successfully initialized permission handler forge:default_handler
[27Aug2025 00:02:40.934] [Server thread/DEBUG] [net.minecraftforge.coremod.transformer.CoreModBaseTransformer/COREMOD]: Transforming net/minecraft/world/level/NaturalSpawner
[27Aug2025 00:02:41.099] [Server thread/DEBUG] [net.minecraftforge.coremod.transformer.CoreModBaseTransformer/COREMOD]: Transforming m_8543_ with desc ()V
[27Aug2025 00:07:40.880] [Server thread/DEBUG] [net.minecraftforge.common.ForgeHooks/WP]: Gathering id map for writing to world save world
[27Aug2025 00:07:40.955] [Server thread/DEBUG] [net.minecraftforge.common.ForgeHooks/WP]: ID Map collection complete world
[27Aug2025 00:12:40.784] [Server thread/DEBUG] [net.minecraftforge.common.ForgeHooks/WP]: Gathering id map for writing to world save world
[27Aug2025 00:12:40.835] [Server thread/DEBUG] [net.minecraftforge.common.ForgeHooks/WP]: ID Map collection complete world
[27Aug2025 00:17:40.795] [Server thread/DEBUG] [net.minecraftforge.common.ForgeHooks/WP]: Gathering id map for writing to world save world
[27Aug2025 00:17:40.842] [Server thread/DEBUG] [net.minecraftforge.common.ForgeHooks/WP]: ID Map collection complete world
[27Aug2025 00:22:40.758] [Server thread/DEBUG] [net.minecraftforge.common.ForgeHooks/WP]: Gathering id map for writing to world save world
[27Aug2025 00:22:40.773] [Server thread/DEBUG] [net.minecraftforge.common.ForgeHooks/WP]: ID Map collection complete world
[27Aug2025 00:27:40.773] [Server thread/DEBUG] [net.minecraftforge.common.ForgeHooks/WP]: Gathering id map for writing to world save world
[27Aug2025 00:27:40.791] [Server thread/DEBUG] [net.minecraftforge.common.ForgeHooks/WP]: ID Map collection complete world
[27Aug2025 00:32:40.769] [Server thread/DEBUG] [net.minecraftforge.common.ForgeHooks/WP]: Gathering id map for writing to world save world
[27Aug2025 00:32:40.785] [Server thread/DEBUG] [net.minecraftforge.common.ForgeHooks/WP]: ID Map collection complete world
[27Aug2025 00:37:40.766] [Server thread/DEBUG] [net.minecraftforge.common.ForgeHooks/WP]: Gathering id map for writing to world save world
[27Aug2025 00:37:40.782] [Server thread/DEBUG] [net.minecraftforge.common.ForgeHooks/WP]: ID Map collection complete world
[27Aug2025 00:42:40.774] [Server thread/DEBUG] [net.minecraftforge.common.ForgeHooks/WP]: Gathering id map for writing to world save world
[27Aug2025 00:42:40.794] [Server thread/DEBUG] [net.minecraftforge.common.ForgeHooks/WP]: ID Map collection complete world
[27Aug2025 00:47:40.759] [Server thread/DEBUG] [net.minecraftforge.common.ForgeHooks/WP]: Gathering id map for writing to world save world
[27Aug2025 00:47:40.774] [Server thread/DEBUG] [net.minecraftforge.common.ForgeHooks/WP]: ID Map collection complete world
[27Aug2025 00:52:40.772] [Server thread/DEBUG] [net.minecraftforge.common.ForgeHooks/WP]: Gathering id map for writing to world save world
[27Aug2025 00:52:40.794] [Server thread/DEBUG] [net.minecraftforge.common.ForgeHooks/WP]: ID Map collection complete world
[27Aug2025 00:57:40.759] [Server thread/DEBUG] [net.minecraftforge.common.ForgeHooks/WP]: Gathering id map for writing to world save world
[27Aug2025 00:57:40.773] [Server thread/DEBUG] [net.minecraftforge.common.ForgeHooks/WP]: ID Map collection complete world
[27Aug2025 01:02:40.757] [Server thread/DEBUG] [net.minecraftforge.common.ForgeHooks/WP]: Gathering id map for writing to world save world
[27Aug2025 01:02:40.769] [Server thread/DEBUG] [net.minecraftforge.common.ForgeHooks/WP]: ID Map collection complete world
[27Aug2025 01:07:40.761] [Server thread/DEBUG] [net.minecraftforge.common.ForgeHooks/WP]: Gathering id map for writing to world save world
[27Aug2025 01:07:40.778] [Server thread/DEBUG] [net.minecraftforge.common.ForgeHooks/WP]: ID Map collection complete world
[27Aug2025 01:12:40.764] [Server thread/DEBUG] [net.minecraftforge.common.ForgeHooks/WP]: Gathering id map for writing to world save world
[27Aug2025 01:12:40.781] [Server thread/DEBUG] [net.minecraftforge.common.ForgeHooks/WP]: ID Map collection complete world
[27Aug2025 01:17:40.757] [Server thread/DEBUG] [net.minecraftforge.common.ForgeHooks/WP]: Gathering id map for writing to world save world
[27Aug2025 01:17:40.773] [Server thread/DEBUG] [net.minecraftforge.common.ForgeHooks/WP]: ID Map collection complete world
[27Aug2025 01:22:40.756] [Server thread/DEBUG] [net.minecraftforge.common.ForgeHooks/WP]: Gathering id map for writing to world save world
[27Aug2025 01:22:40.768] [Server thread/DEBUG] [net.minecraftforge.common.ForgeHooks/WP]: ID Map collection complete world
[27Aug2025 01:27:40.754] [Server thread/DEBUG] [net.minecraftforge.common.ForgeHooks/WP]: Gathering id map for writing to world save world
[27Aug2025 01:27:40.767] [Server thread/DEBUG] [net.minecraftforge.common.ForgeHooks/WP]: ID Map collection complete world
[27Aug2025 01:32:40.761] [Server thread/DEBUG] [net.minecraftforge.common.ForgeHooks/WP]: Gathering id map for writing to world save world
[27Aug2025 01:32:40.773] [Server thread/DEBUG] [net.minecraftforge.common.ForgeHooks/WP]: ID Map collection complete world
[27Aug2025 01:37:40.757] [Server thread/DEBUG] [net.minecraftforge.common.ForgeHooks/WP]: Gathering id map for writing to world save world
[27Aug2025 01:37:40.770] [Server thread/DEBUG] [net.minecraftforge.common.ForgeHooks/WP]: ID Map collection complete world
[27Aug2025 01:42:40.763] [Server thread/DEBUG] [net.minecraftforge.common.ForgeHooks/WP]: Gathering id map for writing to world save world
[27Aug2025 01:42:40.782] [Server thread/DEBUG] [net.minecraftforge.common.ForgeHooks/WP]: ID Map collection complete world
[27Aug2025 01:47:40.755] [Server thread/DEBUG] [net.minecraftforge.common.ForgeHooks/WP]: Gathering id map for writing to world save world
[27Aug2025 01:47:40.770] [Server thread/DEBUG] [net.minecraftforge.common.ForgeHooks/WP]: ID Map collection complete world
[27Aug2025 01:52:40.754] [Server thread/DEBUG] [net.minecraftforge.common.ForgeHooks/WP]: Gathering id map for writing to world save world
[27Aug2025 01:52:40.768] [Server thread/DEBUG] [net.minecraftforge.common.ForgeHooks/WP]: ID Map collection complete world
[27Aug2025 01:57:40.756] [Server thread/DEBUG] [net.minecraftforge.common.ForgeHooks/WP]: Gathering id map for writing to world save world
[27Aug2025 01:57:40.768] [Server thread/DEBUG] [net.minecraftforge.common.ForgeHooks/WP]: ID Map collection complete world
[27Aug2025 02:02:40.762] [Server thread/DEBUG] [net.minecraftforge.common.ForgeHooks/WP]: Gathering id map for writing to world save world
[27Aug2025 02:02:40.776] [Server thread/DEBUG] [net.minecraftforge.common.ForgeHooks/WP]: ID Map collection complete world
[27Aug2025 02:07:40.758] [Server thread/DEBUG] [net.minecraftforge.common.ForgeHooks/WP]: Gathering id map for writing to world save world
[27Aug2025 02:07:40.775] [Server thread/DEBUG] [net.minecraftforge.common.ForgeHooks/WP]: ID Map collection complete world
[27Aug2025 02:12:40.758] [Server thread/DEBUG] [net.minecraftforge.common.ForgeHooks/WP]: Gathering id map for writing to world save world
[27Aug2025 02:12:40.773] [Server thread/DEBUG] [net.minecraftforge.common.ForgeHooks/WP]: ID Map collection complete world
[27Aug2025 02:17:40.754] [Server thread/DEBUG] [net.minecraftforge.common.ForgeHooks/WP]: Gathering id map for writing to world save world
[27Aug2025 02:17:40.766] [Server thread/DEBUG] [net.minecraftforge.common.ForgeHooks/WP]: ID Map collection complete world
[27Aug2025 02:22:40.753] [Server thread/DEBUG] [net.minecraftforge.common.ForgeHooks/WP]: Gathering id map for writing to world save world
[27Aug2025 02:22:40.765] [Server thread/DEBUG] [net.minecraftforge.common.ForgeHooks/WP]: ID Map collection complete world
[27Aug2025 02:27:40.761] [Server thread/DEBUG] [net.minecraftforge.common.ForgeHooks/WP]: Gathering id map for writing to world save world
[27Aug2025 02:27:40.784] [Server thread/DEBUG] [net.minecraftforge.common.ForgeHooks/WP]: ID Map collection complete world
[27Aug2025 02:32:40.751] [Server thread/DEBUG] [net.minecraftforge.common.ForgeHooks/WP]: Gathering id map for writing to world save world
[27Aug2025 02:32:40.763] [Server thread/DEBUG] [net.minecraftforge.common.ForgeHooks/WP]: ID Map collection complete world
[27Aug2025 02:37:40.752] [Server thread/DEBUG] [net.minecraftforge.common.ForgeHooks/WP]: Gathering id map for writing to world save world
[27Aug2025 02:37:40.766] [Server thread/DEBUG] [net.minecraftforge.common.ForgeHooks/WP]: ID Map collection complete world
[27Aug2025 02:42:40.753] [Server thread/DEBUG] [net.minecraftforge.common.ForgeHooks/WP]: Gathering id map for writing to world save world
[27Aug2025 02:42:40.766] [Server thread/DEBUG] [net.minecraftforge.common.ForgeHooks/WP]: ID Map collection complete world
[27Aug2025 02:47:40.753] [Server thread/DEBUG] [net.minecraftforge.common.ForgeHooks/WP]: Gathering id map for writing to world save world
[27Aug2025 02:47:40.765] [Server thread/DEBUG] [net.minecraftforge.common.ForgeHooks/WP]: ID Map collection complete world
[27Aug2025 02:52:40.756] [Server thread/DEBUG] [net.minecraftforge.common.ForgeHooks/WP]: Gathering id map for writing to world save world
[27Aug2025 02:52:40.767] [Server thread/DEBUG] [net.minecraftforge.common.ForgeHooks/WP]: ID Map collection complete world
[27Aug2025 02:57:40.753] [Server thread/DEBUG] [net.minecraftforge.common.ForgeHooks/WP]: Gathering id map for writing to world save world
[27Aug2025 02:57:40.766] [Server thread/DEBUG] [net.minecraftforge.common.ForgeHooks/WP]: ID Map collection complete world
[27Aug2025 03:02:40.751] [Server thread/DEBUG] [net.minecraftforge.common.ForgeHooks/WP]: Gathering id map for writing to world save world
[27Aug2025 03:02:40.763] [Server thread/DEBUG] [net.minecraftforge.common.ForgeHooks/WP]: ID Map collection complete world
[27Aug2025 03:07:40.754] [Server thread/DEBUG] [net.minecraftforge.common.ForgeHooks/WP]: Gathering id map for writing to world save world
[27Aug2025 03:07:40.770] [Server thread/DEBUG] [net.minecraftforge.common.ForgeHooks/WP]: ID Map collection complete world
[27Aug2025 03:12:40.754] [Server thread/DEBUG] [net.minecraftforge.common.ForgeHooks/WP]: Gathering id map for writing to world save world
[27Aug2025 03:12:40.768] [Server thread/DEBUG] [net.minecraftforge.common.ForgeHooks/WP]: ID Map collection complete world
[27Aug2025 03:17:40.753] [Server thread/DEBUG] [net.minecraftforge.common.ForgeHooks/WP]: Gathering id map for writing to world save world
[27Aug2025 03:17:40.767] [Server thread/DEBUG] [net.minecraftforge.common.ForgeHooks/WP]: ID Map collection complete world
[27Aug2025 03:22:40.755] [Server thread/DEBUG] [net.minecraftforge.common.ForgeHooks/WP]: Gathering id map for writing to world save world
[27Aug2025 03:22:40.769] [Server thread/DEBUG] [net.minecraftforge.common.ForgeHooks/WP]: ID Map collection complete world
[27Aug2025 03:27:40.754] [Server thread/DEBUG] [net.minecraftforge.common.ForgeHooks/WP]: Gathering id map for writing to world save world
[27Aug2025 03:27:40.767] [Server thread/DEBUG] [net.minecraftforge.common.ForgeHooks/WP]: ID Map collection complete world
[27Aug2025 03:32:40.757] [Server thread/DEBUG] [net.minecraftforge.common.ForgeHooks/WP]: Gathering id map for writing to world save world
[27Aug2025 03:32:40.770] [Server thread/DEBUG] [net.minecraftforge.common.ForgeHooks/WP]: ID Map collection complete world
[27Aug2025 03:37:40.754] [Server thread/DEBUG] [net.minecraftforge.common.ForgeHooks/WP]: Gathering id map for writing to world save world
[27Aug2025 03:37:40.767] [Server thread/DEBUG] [net.minecraftforge.common.ForgeHooks/WP]: ID Map collection complete world
[27Aug2025 03:42:40.764] [Server thread/DEBUG] [net.minecraftforge.common.ForgeHooks/WP]: Gathering id map for writing to world save world
[27Aug2025 03:42:40.778] [Server thread/DEBUG] [net.minecraftforge.common.ForgeHooks/WP]: ID Map collection complete world
[27Aug2025 03:47:40.755] [Server thread/DEBUG] [net.minecraftforge.common.ForgeHooks/WP]: Gathering id map for writing to world save world
[27Aug2025 03:47:40.771] [Server thread/DEBUG] [net.minecraftforge.common.ForgeHooks/WP]: ID Map collection complete world
[27Aug2025 03:52:40.759] [Server thread/DEBUG] [net.minecraftforge.common.ForgeHooks/WP]: Gathering id map for writing to world save world
[27Aug2025 03:52:40.782] [Server thread/DEBUG] [net.minecraftforge.common.ForgeHooks/WP]: ID Map collection complete world
[27Aug2025 03:57:40.758] [Server thread/DEBUG] [net.minecraftforge.common.ForgeHooks/WP]: Gathering id map for writing to world save world
[27Aug2025 03:57:40.774] [Server thread/DEBUG] [net.minecraftforge.common.ForgeHooks/WP]: ID Map collection complete world
[27Aug2025 04:02:40.768] [Server thread/DEBUG] [net.minecraftforge.common.ForgeHooks/WP]: Gathering id map for writing to world save world
[27Aug2025 04:02:40.785] [Server thread/DEBUG] [net.minecraftforge.common.ForgeHooks/WP]: ID Map collection complete world
[27Aug2025 04:07:40.766] [Server thread/DEBUG] [net.minecraftforge.common.ForgeHooks/WP]: Gathering id map for writing to world save world
[27Aug2025 04:07:40.792] [Server thread/DEBUG] [net.minecraftforge.common.ForgeHooks/WP]: ID Map collection complete world
[27Aug2025 04:12:40.756] [Server thread/DEBUG] [net.minecraftforge.common.ForgeHooks/WP]: Gathering id map for writing to world save world
[27Aug2025 04:12:40.785] [Server thread/DEBUG] [net.minecraftforge.common.ForgeHooks/WP]: ID Map collection complete world
[27Aug2025 04:17:40.758] [Server thread/DEBUG] [net.minecraftforge.common.ForgeHooks/WP]: Gathering id map for writing to world save world
[27Aug2025 04:17:40.771] [Server thread/DEBUG] [net.minecraftforge.common.ForgeHooks/WP]: ID Map collection complete world
[27Aug2025 04:22:40.800] [Server thread/DEBUG] [net.minecraftforge.common.ForgeHooks/WP]: Gathering id map for writing to world save world
[27Aug2025 04:22:40.820] [Server thread/DEBUG] [net.minecraftforge.common.ForgeHooks/WP]: ID Map collection complete world
[27Aug2025 04:27:40.755] [Server thread/DEBUG] [net.minecraftforge.common.ForgeHooks/WP]: Gathering id map for writing to world save world
[27Aug2025 04:27:40.768] [Server thread/DEBUG] [net.minecraftforge.common.ForgeHooks/WP]: ID Map collection complete world
[27Aug2025 04:32:40.754] [Server thread/DEBUG] [net.minecraftforge.common.ForgeHooks/WP]: Gathering id map for writing to world save world
[27Aug2025 04:32:40.776] [Server thread/DEBUG] [net.minecraftforge.common.ForgeHooks/WP]: ID Map collection complete world
[27Aug2025 04:37:40.755] [Server thread/DEBUG] [net.minecraftforge.common.ForgeHooks/WP]: Gathering id map for writing to world save world
[27Aug2025 04:37:40.766] [Server thread/DEBUG] [net.minecraftforge.common.ForgeHooks/WP]: ID Map collection complete world
[27Aug2025 04:42:40.785] [Server thread/DEBUG] [net.minecraftforge.common.ForgeHooks/WP]: Gathering id map for writing to world save world
[27Aug2025 04:42:40.804] [Server thread/DEBUG] [net.minecraftforge.common.ForgeHooks/WP]: ID Map collection complete world
[27Aug2025 04:47:40.752] [Server thread/DEBUG] [net.minecraftforge.common.ForgeHooks/WP]: Gathering id map for writing to world save world
[27Aug2025 04:47:40.768] [Server thread/DEBUG] [net.minecraftforge.common.ForgeHooks/WP]: ID Map collection complete world
[27Aug2025 04:52:40.757] [Server thread/DEBUG] [net.minecraftforge.common.ForgeHooks/WP]: Gathering id map for writing to world save world
[27Aug2025 04:52:40.769] [Server thread/DEBUG] [net.minecraftforge.common.ForgeHooks/WP]: ID Map collection complete world
[27Aug2025 04:57:40.756] [Server thread/DEBUG] [net.minecraftforge.common.ForgeHooks/WP]: Gathering id map for writing to world save world
[27Aug2025 04:57:40.775] [Server thread/DEBUG] [net.minecraftforge.common.ForgeHooks/WP]: ID Map collection complete world
[27Aug2025 05:02:40.755] [Server thread/DEBUG] [net.minecraftforge.common.ForgeHooks/WP]: Gathering id map for writing to world save world
[27Aug2025 05:02:40.769] [Server thread/DEBUG] [net.minecraftforge.common.ForgeHooks/WP]: ID Map collection complete world
[27Aug2025 05:07:40.775] [Server thread/DEBUG] [net.minecraftforge.common.ForgeHooks/WP]: Gathering id map for writing to world save world
[27Aug2025 05:07:40.798] [Server thread/DEBUG] [net.minecraftforge.common.ForgeHooks/WP]: ID Map collection complete world
[27Aug2025 05:12:40.755] [Server thread/DEBUG] [net.minecraftforge.common.ForgeHooks/WP]: Gathering id map for writing to world save world
[27Aug2025 05:12:40.774] [Server thread/DEBUG] [net.minecraftforge.common.ForgeHooks/WP]: ID Map collection complete world
[27Aug2025 05:17:40.754] [Server thread/DEBUG] [net.minecraftforge.common.ForgeHooks/WP]: Gathering id map for writing to world save world
[27Aug2025 05:17:40.768] [Server thread/DEBUG] [net.minecraftforge.common.ForgeHooks/WP]: ID Map collection complete world
[27Aug2025 05:22:40.755] [Server thread/DEBUG] [net.minecraftforge.common.ForgeHooks/WP]: Gathering id map for writing to world save world
[27Aug2025 05:22:40.773] [Server thread/DEBUG] [net.minecraftforge.common.ForgeHooks/WP]: ID Map collection complete world
[27Aug2025 05:27:40.794] [Server thread/DEBUG] [net.minecraftforge.common.ForgeHooks/WP]: Gathering id map for writing to world save world
[27Aug2025 05:27:40.822] [Server thread/DEBUG] [net.minecraftforge.common.ForgeHooks/WP]: ID Map collection complete world
[27Aug2025 05:32:40.752] [Server thread/DEBUG] [net.minecraftforge.common.ForgeHooks/WP]: Gathering id map for writing to world save world
[27Aug2025 05:32:40.766] [Server thread/DEBUG] [net.minecraftforge.common.ForgeHooks/WP]: ID Map collection complete world
[27Aug2025 05:37:40.752] [Server thread/DEBUG] [net.minecraftforge.common.ForgeHooks/WP]: Gathering id map for writing to world save world
[27Aug2025 05:37:40.765] [Server thread/DEBUG] [net.minecraftforge.common.ForgeHooks/WP]: ID Map collection complete world
[27Aug2025 05:42:40.760] [Server thread/DEBUG] [net.minecraftforge.common.ForgeHooks/WP]: Gathering id map for writing to world save world
[27Aug2025 05:42:40.785] [Server thread/DEBUG] [net.minecraftforge.common.ForgeHooks/WP]: ID Map collection complete world
[27Aug2025 05:47:40.780] [Server thread/DEBUG] [net.minecraftforge.common.ForgeHooks/WP]: Gathering id map for writing to world save world
[27Aug2025 05:47:40.798] [Server thread/DEBUG] [net.minecraftforge.common.ForgeHooks/WP]: ID Map collection complete world
[27Aug2025 05:52:40.755] [Server thread/DEBUG] [net.minecraftforge.common.ForgeHooks/WP]: Gathering id map for writing to world save world
[27Aug2025 05:52:40.771] [Server thread/DEBUG] [net.minecraftforge.common.ForgeHooks/WP]: ID Map collection complete world
[27Aug2025 05:57:40.754] [Server thread/DEBUG] [net.minecraftforge.common.ForgeHooks/WP]: Gathering id map for writing to world save world
[27Aug2025 05:57:40.768] [Server thread/DEBUG] [net.minecraftforge.common.ForgeHooks/WP]: ID Map collection complete world
[27Aug2025 06:02:40.748] [Server thread/DEBUG] [net.minecraftforge.common.ForgeHooks/WP]: Gathering id map for writing to world save world
[27Aug2025 06:02:40.761] [Server thread/DEBUG] [net.minecraftforge.common.ForgeHooks/WP]: ID Map collection complete world
[27Aug2025 06:07:40.750] [Server thread/DEBUG] [net.minecraftforge.common.ForgeHooks/WP]: Gathering id map for writing to world save world
[27Aug2025 06:07:40.762] [Server thread/DEBUG] [net.minecraftforge.common.ForgeHooks/WP]: ID Map collection complete world
[27Aug2025 06:12:40.749] [Server thread/DEBUG] [net.minecraftforge.common.ForgeHooks/WP]: Gathering id map for writing to world save world
[27Aug2025 06:12:40.761] [Server thread/DEBUG] [net.minecraftforge.common.ForgeHooks/WP]: ID Map collection complete world
[27Aug2025 06:17:40.750] [Server thread/DEBUG] [net.minecraftforge.common.ForgeHooks/WP]: Gathering id map for writing to world save world
[27Aug2025 06:17:40.763] [Server thread/DEBUG] [net.minecraftforge.common.ForgeHooks/WP]: ID Map collection complete world
[27Aug2025 06:22:40.748] [Server thread/DEBUG] [net.minecraftforge.common.ForgeHooks/WP]: Gathering id map for writing to world save world
[27Aug2025 06:22:40.762] [Server thread/DEBUG] [net.minecraftforge.common.ForgeHooks/WP]: ID Map collection complete world
[27Aug2025 06:27:40.777] [Server thread/DEBUG] [net.minecraftforge.common.ForgeHooks/WP]: Gathering id map for writing to world save world
[27Aug2025 06:27:40.814] [Server thread/DEBUG] [net.minecraftforge.common.ForgeHooks/WP]: ID Map collection complete world
[27Aug2025 06:32:40.748] [Server thread/DEBUG] [net.minecraftforge.common.ForgeHooks/WP]: Gathering id map for writing to world save world
[27Aug2025 06:32:40.762] [Server thread/DEBUG] [net.minecraftforge.common.ForgeHooks/WP]: ID Map collection complete world
[27Aug2025 06:37:40.749] [Server thread/DEBUG] [net.minecraftforge.common.ForgeHooks/WP]: Gathering id map for writing to world save world
[27Aug2025 06:37:40.762] [Server thread/DEBUG] [net.minecraftforge.common.ForgeHooks/WP]: ID Map collection complete world
[27Aug2025 06:42:40.752] [Server thread/DEBUG] [net.minecraftforge.common.ForgeHooks/WP]: Gathering id map for writing to world save world
[27Aug2025 06:42:40.769] [Server thread/DEBUG] [net.minecraftforge.common.ForgeHooks/WP]: ID Map collection complete world
[27Aug2025 06:47:40.756] [Server thread/DEBUG] [net.minecraftforge.common.ForgeHooks/WP]: Gathering id map for writing to world save world
[27Aug2025 06:47:40.784] [Server thread/DEBUG] [net.minecraftforge.common.ForgeHooks/WP]: ID Map collection complete world
[27Aug2025 06:52:40.750] [Server thread/DEBUG] [net.minecraftforge.common.ForgeHooks/WP]: Gathering id map for writing to world save world
[27Aug2025 06:52:40.764] [Server thread/DEBUG] [net.minecraftforge.common.ForgeHooks/WP]: ID Map collection complete world
[27Aug2025 06:57:40.749] [Server thread/DEBUG] [net.minecraftforge.common.ForgeHooks/WP]: Gathering id map for writing to world save world
[27Aug2025 06:57:40.761] [Server thread/DEBUG] [net.minecraftforge.common.ForgeHooks/WP]: ID Map collection complete world
[27Aug2025 07:02:40.747] [Server thread/DEBUG] [net.minecraftforge.common.ForgeHooks/WP]: Gathering id map for writing to world save world
[27Aug2025 07:02:40.761] [Server thread/DEBUG] [net.minecraftforge.common.ForgeHooks/WP]: ID Map collection complete world
[27Aug2025 07:07:40.750] [Server thread/DEBUG] [net.minecraftforge.common.ForgeHooks/WP]: Gathering id map for writing to world save world
[27Aug2025 07:07:40.764] [Server thread/DEBUG] [net.minecraftforge.common.ForgeHooks/WP]: ID Map collection complete world
[27Aug2025 07:12:40.752] [Server thread/DEBUG] [net.minecraftforge.common.ForgeHooks/WP]: Gathering id map for writing to world save world
[27Aug2025 07:12:40.766] [Server thread/DEBUG] [net.minecraftforge.common.ForgeHooks/WP]: ID Map collection complete world
[27Aug2025 07:17:40.752] [Server thread/DEBUG] [net.minecraftforge.common.ForgeHooks/WP]: Gathering id map for writing to world save world
[27Aug2025 07:17:40.764] [Server thread/DEBUG] [net.minecraftforge.common.ForgeHooks/WP]: ID Map collection complete world
[27Aug2025 07:22:40.749] [Server thread/DEBUG] [net.minecraftforge.common.ForgeHooks/WP]: Gathering id map for writing to world save world
[27Aug2025 07:22:40.762] [Server thread/DEBUG] [net.minecraftforge.common.ForgeHooks/WP]: ID Map collection complete world
[27Aug2025 07:27:40.749] [Server thread/DEBUG] [net.minecraftforge.common.ForgeHooks/WP]: Gathering id map for writing to world save world
[27Aug2025 07:27:40.760] [Server thread/DEBUG] [net.minecraftforge.common.ForgeHooks/WP]: ID Map collection complete world
[27Aug2025 07:32:40.749] [Server thread/DEBUG] [net.minecraftforge.common.ForgeHooks/WP]: Gathering id map for writing to world save world
[27Aug2025 07:32:40.760] [Server thread/DEBUG] [net.minecraftforge.common.ForgeHooks/WP]: ID Map collection complete world
[27Aug2025 07:37:40.749] [Server thread/DEBUG] [net.minecraftforge.common.ForgeHooks/WP]: Gathering id map for writing to world save world
[27Aug2025 07:37:40.766] [Server thread/DEBUG] [net.minecraftforge.common.ForgeHooks/WP]: ID Map collection complete world
[27Aug2025 07:42:40.748] [Server thread/DEBUG] [net.minecraftforge.common.ForgeHooks/WP]: Gathering id map for writing to world save world
[27Aug2025 07:42:40.760] [Server thread/DEBUG] [net.minecraftforge.common.ForgeHooks/WP]: ID Map collection complete world
[27Aug2025 07:47:40.747] [Server thread/DEBUG] [net.minecraftforge.common.ForgeHooks/WP]: Gathering id map for writing to world save world
[27Aug2025 07:47:40.759] [Server thread/DEBUG] [net.minecraftforge.common.ForgeHooks/WP]: ID Map collection complete world
[27Aug2025 07:52:40.751] [Server thread/DEBUG] [net.minecraftforge.common.ForgeHooks/WP]: Gathering id map for writing to world save world
[27Aug2025 07:52:40.766] [Server thread/DEBUG] [net.minecraftforge.common.ForgeHooks/WP]: ID Map collection complete world
[27Aug2025 07:57:40.750] [Server thread/DEBUG] [net.minecraftforge.common.ForgeHooks/WP]: Gathering id map for writing to world save world
[27Aug2025 07:57:40.765] [Server thread/DEBUG] [net.minecraftforge.common.ForgeHooks/WP]: ID Map collection complete world
[27Aug2025 08:02:40.752] [Server thread/DEBUG] [net.minecraftforge.common.ForgeHooks/WP]: Gathering id map for writing to world save world
[27Aug2025 08:02:40.775] [Server thread/DEBUG] [net.minecraftforge.common.ForgeHooks/WP]: ID Map collection complete world
[27Aug2025 08:07:40.748] [Server thread/DEBUG] [net.minecraftforge.common.ForgeHooks/WP]: Gathering id map for writing to world save world
[27Aug2025 08:07:40.760] [Server thread/DEBUG] [net.minecraftforge.common.ForgeHooks/WP]: ID Map collection complete world
[27Aug2025 08:12:40.748] [Server thread/DEBUG] [net.minecraftforge.common.ForgeHooks/WP]: Gathering id map for writing to world save world
[27Aug2025 08:12:40.767] [Server thread/DEBUG] [net.minecraftforge.common.ForgeHooks/WP]: ID Map collection complete world
[27Aug2025 08:17:40.747] [Server thread/DEBUG] [net.minecraftforge.common.ForgeHooks/WP]: Gathering id map for writing to world save world
[27Aug2025 08:17:40.760] [Server thread/DEBUG] [net.minecraftforge.common.ForgeHooks/WP]: ID Map collection complete world
[27Aug2025 08:22:40.750] [Server thread/DEBUG] [net.minecraftforge.common.ForgeHooks/WP]: Gathering id map for writing to world save world
[27Aug2025 08:22:40.763] [Server thread/DEBUG] [net.minecraftforge.common.ForgeHooks/WP]: ID Map collection complete world
[27Aug2025 08:27:40.750] [Server thread/DEBUG] [net.minecraftforge.common.ForgeHooks/WP]: Gathering id map for writing to world save world
[27Aug2025 08:27:40.764] [Server thread/DEBUG] [net.minecraftforge.common.ForgeHooks/WP]: ID Map collection complete world
[27Aug2025 08:32:40.748] [Server thread/DEBUG] [net.minecraftforge.common.ForgeHooks/WP]: Gathering id map for writing to world save world
[27Aug2025 08:32:40.759] [Server thread/DEBUG] [net.minecraftforge.common.ForgeHooks/WP]: ID Map collection complete world
[27Aug2025 08:37:40.749] [Server thread/DEBUG] [net.minecraftforge.common.ForgeHooks/WP]: Gathering id map for writing to world save world
[27Aug2025 08:37:40.761] [Server thread/DEBUG] [net.minecraftforge.common.ForgeHooks/WP]: ID Map collection complete world
[27Aug2025 08:42:40.755] [Server thread/DEBUG] [net.minecraftforge.common.ForgeHooks/WP]: Gathering id map for writing to world save world
[27Aug2025 08:42:40.768] [Server thread/DEBUG] [net.minecraftforge.common.ForgeHooks/WP]: ID Map collection complete world
[27Aug2025 08:47:40.750] [Server thread/DEBUG] [net.minecraftforge.common.ForgeHooks/WP]: Gathering id map for writing to world save world
[27Aug2025 08:47:40.767] [Server thread/DEBUG] [net.minecraftforge.common.ForgeHooks/WP]: ID Map collection complete world
[27Aug2025 08:52:40.751] [Server thread/DEBUG] [net.minecraftforge.common.ForgeHooks/WP]: Gathering id map for writing to world save world
[27Aug2025 08:52:40.763] [Server thread/DEBUG] [net.minecraftforge.common.ForgeHooks/WP]: ID Map collection complete world
[27Aug2025 08:57:40.747] [Server thread/DEBUG] [net.minecraftforge.common.ForgeHooks/WP]: Gathering id map for writing to world save world
[27Aug2025 08:57:40.760] [Server thread/DEBUG] [net.minecraftforge.common.ForgeHooks/WP]: ID Map collection complete world
[27Aug2025 09:02:40.747] [Server thread/DEBUG] [net.minecraftforge.common.ForgeHooks/WP]: Gathering id map for writing to world save world
[27Aug2025 09:02:40.758] [Server thread/DEBUG] [net.minecraftforge.common.ForgeHooks/WP]: ID Map collection complete world
[27Aug2025 09:07:40.748] [Server thread/DEBUG] [net.minecraftforge.common.ForgeHooks/WP]: Gathering id map for writing to world save world
[27Aug2025 09:07:40.761] [Server thread/DEBUG] [net.minecraftforge.common.ForgeHooks/WP]: ID Map collection complete world
[27Aug2025 09:12:40.749] [Server thread/DEBUG] [net.minecraftforge.common.ForgeHooks/WP]: Gathering id map for writing to world save world
[27Aug2025 09:12:40.760] [Server thread/DEBUG] [net.minecraftforge.common.ForgeHooks/WP]: ID Map collection complete world
[27Aug2025 09:17:40.748] [Server thread/DEBUG] [net.minecraftforge.common.ForgeHooks/WP]: Gathering id map for writing to world save world
[27Aug2025 09:17:40.761] [Server thread/DEBUG] [net.minecraftforge.common.ForgeHooks/WP]: ID Map collection complete world
[27Aug2025 09:22:40.753] [Server thread/DEBUG] [net.minecraftforge.common.ForgeHooks/WP]: Gathering id map for writing to world save world
[27Aug2025 09:22:40.765] [Server thread/DEBUG] [net.minecraftforge.common.ForgeHooks/WP]: ID Map collection complete world
[27Aug2025 09:27:40.808] [Server thread/DEBUG] [net.minecraftforge.common.ForgeHooks/WP]: Gathering id map for writing to world save world
[27Aug2025 09:27:40.897] [Server thread/DEBUG] [net.minecraftforge.common.ForgeHooks/WP]: ID Map collection complete world
[27Aug2025 09:32:40.751] [Server thread/DEBUG] [net.minecraftforge.common.ForgeHooks/WP]: Gathering id map for writing to world save world
[27Aug2025 09:32:40.763] [Server thread/DEBUG] [net.minecraftforge.common.ForgeHooks/WP]: ID Map collection complete world
[27Aug2025 09:37:40.750] [Server thread/DEBUG] [net.minecraftforge.common.ForgeHooks/WP]: Gathering id map for writing to world save world
[27Aug2025 09:37:40.768] [Server thread/DEBUG] [net.minecraftforge.common.ForgeHooks/WP]: ID Map collection complete world
[27Aug2025 09:42:40.748] [Server thread/DEBUG] [net.minecraftforge.common.ForgeHooks/WP]: Gathering id map for writing to world save world
[27Aug2025 09:42:40.763] [Server thread/DEBUG] [net.minecraftforge.common.ForgeHooks/WP]: ID Map collection complete world
[27Aug2025 09:47:40.771] [Server thread/DEBUG] [net.minecraftforge.common.ForgeHooks/WP]: Gathering id map for writing to world save world
[27Aug2025 09:47:40.794] [Server thread/DEBUG] [net.minecraftforge.common.ForgeHooks/WP]: ID Map collection complete world
[27Aug2025 09:52:40.750] [Server thread/DEBUG] [net.minecraftforge.common.ForgeHooks/WP]: Gathering id map for writing to world save world
[27Aug2025 09:52:40.768] [Server thread/DEBUG] [net.minecraftforge.common.ForgeHooks/WP]: ID Map collection complete world
[27Aug2025 09:57:40.771] [Server thread/DEBUG] [net.minecraftforge.common.ForgeHooks/WP]: Gathering id map for writing to world save world
[27Aug2025 09:57:40.798] [Server thread/DEBUG] [net.minecraftforge.common.ForgeHooks/WP]: ID Map collection complete world
[27Aug2025 10:02:40.750] [Server thread/DEBUG] [net.minecraftforge.common.ForgeHooks/WP]: Gathering id map for writing to world save world
[27Aug2025 10:02:40.767] [Server thread/DEBUG] [net.minecraftforge.common.ForgeHooks/WP]: ID Map collection complete world
[27Aug2025 10:07:40.760] [Server thread/DEBUG] [net.minecraftforge.common.ForgeHooks/WP]: Gathering id map for writing to world save world
[27Aug2025 10:07:40.778] [Server thread/DEBUG] [net.minecraftforge.common.ForgeHooks/WP]: ID Map collection complete world
[27Aug2025 10:12:40.747] [Server thread/DEBUG] [net.minecraftforge.common.ForgeHooks/WP]: Gathering id map for writing to world save world
[27Aug2025 10:12:40.763] [Server thread/DEBUG] [net.minecraftforge.common.ForgeHooks/WP]: ID Map collection complete world
[27Aug2025 10:17:40.770] [Server thread/DEBUG] [net.minecraftforge.common.ForgeHooks/WP]: Gathering id map for writing to world save world
[27Aug2025 10:17:40.811] [Server thread/DEBUG] [net.minecraftforge.common.ForgeHooks/WP]: ID Map collection complete world
[27Aug2025 10:22:40.749] [Server thread/DEBUG] [net.minecraftforge.common.ForgeHooks/WP]: Gathering id map for writing to world save world
[27Aug2025 10:22:40.766] [Server thread/DEBUG] [net.minecraftforge.common.ForgeHooks/WP]: ID Map collection complete world
[27Aug2025 10:27:40.806] [Server thread/DEBUG] [net.minecraftforge.common.ForgeHooks/WP]: Gathering id map for writing to world save world
[27Aug2025 10:27:40.892] [Server thread/DEBUG] [net.minecraftforge.common.ForgeHooks/WP]: ID Map collection complete world
[27Aug2025 10:32:40.755] [Server thread/DEBUG] [net.minecraftforge.common.ForgeHooks/WP]: Gathering id map for writing to world save world
[27Aug2025 10:32:40.769] [Server thread/DEBUG] [net.minecraftforge.common.ForgeHooks/WP]: ID Map collection complete world
[27Aug2025 10:37:40.818] [Server thread/DEBUG] [net.minecraftforge.common.ForgeHooks/WP]: Gathering id map for writing to world save world
[27Aug2025 10:37:40.839] [Server thread/DEBUG] [net.minecraftforge.common.ForgeHooks/WP]: ID Map collection complete world
[27Aug2025 10:42:40.757] [Server thread/DEBUG] [net.minecraftforge.common.ForgeHooks/WP]: Gathering id map for writing to world save world
[27Aug2025 10:42:40.771] [Server thread/DEBUG] [net.minecraftforge.common.ForgeHooks/WP]: ID Map collection complete world
[27Aug2025 10:47:40.749] [Server thread/DEBUG] [net.minecraftforge.common.ForgeHooks/WP]: Gathering id map for writing to world save world
[27Aug2025 10:47:40.762] [Server thread/DEBUG] [net.minecraftforge.common.ForgeHooks/WP]: ID Map collection complete world
[27Aug2025 10:52:40.796] [Server thread/DEBUG] [net.minecraftforge.common.ForgeHooks/WP]: Gathering id map for writing to world save world
[27Aug2025 10:52:40.809] [Server thread/DEBUG] [net.minecraftforge.common.ForgeHooks/WP]: ID Map collection complete world
[27Aug2025 10:57:40.750] [Server thread/DEBUG] [net.minecraftforge.common.ForgeHooks/WP]: Gathering id map for writing to world save world
[27Aug2025 10:57:40.766] [Server thread/DEBUG] [net.minecraftforge.common.ForgeHooks/WP]: ID Map collection complete world
[27Aug2025 11:02:40.755] [Server thread/DEBUG] [net.minecraftforge.common.ForgeHooks/WP]: Gathering id map for writing to world save world
[27Aug2025 11:02:40.778] [Server thread/DEBUG] [net.minecraftforge.common.ForgeHooks/WP]: ID Map collection complete world
[27Aug2025 11:07:40.750] [Server thread/DEBUG] [net.minecraftforge.common.ForgeHooks/WP]: Gathering id map for writing to world save world
[27Aug2025 11:07:40.763] [Server thread/DEBUG] [net.minecraftforge.common.ForgeHooks/WP]: ID Map collection complete world
[27Aug2025 11:12:40.761] [Server thread/DEBUG] [net.minecraftforge.common.ForgeHooks/WP]: Gathering id map for writing to world save world
[27Aug2025 11:12:40.783] [Server thread/DEBUG] [net.minecraftforge.common.ForgeHooks/WP]: ID Map collection complete world
[27Aug2025 11:17:40.749] [Server thread/DEBUG] [net.minecraftforge.common.ForgeHooks/WP]: Gathering id map for writing to world save world
[27Aug2025 11:17:40.761] [Server thread/DEBUG] [net.minecraftforge.common.ForgeHooks/WP]: ID Map collection complete world
[27Aug2025 11:22:40.748] [Server thread/DEBUG] [net.minecraftforge.common.ForgeHooks/WP]: Gathering id map for writing to world save world
[27Aug2025 11:22:40.761] [Server thread/DEBUG] [net.minecraftforge.common.ForgeHooks/WP]: ID Map collection complete world
[27Aug2025 11:27:40.750] [Server thread/DEBUG] [net.minecraftforge.common.ForgeHooks/WP]: Gathering id map for writing to world save world
[27Aug2025 11:27:40.765] [Server thread/DEBUG] [net.minecraftforge.common.ForgeHooks/WP]: ID Map collection complete world
[27Aug2025 11:32:40.759] [Server thread/DEBUG] [net.minecraftforge.common.ForgeHooks/WP]: Gathering id map for writing to world save world
[27Aug2025 11:32:40.783] [Server thread/DEBUG] [net.minecraftforge.common.ForgeHooks/WP]: ID Map collection complete world
[27Aug2025 11:37:40.750] [Server thread/DEBUG] [net.minecraftforge.common.ForgeHooks/WP]: Gathering id map for writing to world save world
[27Aug2025 11:37:40.763] [Server thread/DEBUG] [net.minecraftforge.common.ForgeHooks/WP]: ID Map collection complete world
[27Aug2025 11:42:40.749] [Server thread/DEBUG] [net.minecraftforge.common.ForgeHooks/WP]: Gathering id map for writing to world save world
[27Aug2025 11:42:40.767] [Server thread/DEBUG] [net.minecraftforge.common.ForgeHooks/WP]: ID Map collection complete world
[27Aug2025 11:47:40.747] [Server thread/DEBUG] [net.minecraftforge.common.ForgeHooks/WP]: Gathering id map for writing to world save world
[27Aug2025 11:47:40.763] [Server thread/DEBUG] [net.minecraftforge.common.ForgeHooks/WP]: ID Map collection complete world
[27Aug2025 11:52:40.752] [Server thread/DEBUG] [net.minecraftforge.common.ForgeHooks/WP]: Gathering id map for writing to world save world
[27Aug2025 11:52:40.770] [Server thread/DEBUG] [net.minecraftforge.common.ForgeHooks/WP]: ID Map collection complete world
[27Aug2025 11:57:40.748] [Server thread/DEBUG] [net.minecraftforge.common.ForgeHooks/WP]: Gathering id map for writing to world save world
[27Aug2025 11:57:40.759] [Server thread/DEBUG] [net.minecraftforge.common.ForgeHooks/WP]: ID Map collection complete world
[27Aug2025 12:02:40.747] [Server thread/DEBUG] [net.minecraftforge.common.ForgeHooks/WP]: Gathering id map for writing to world save world
[27Aug2025 12:02:40.764] [Server thread/DEBUG] [net.minecraftforge.common.ForgeHooks/WP]: ID Map collection complete world
[27Aug2025 12:07:40.753] [Server thread/DEBUG] [net.minecraftforge.common.ForgeHooks/WP]: Gathering id map for writing to world save world
[27Aug2025 12:07:40.764] [Server thread/DEBUG] [net.minecraftforge.common.ForgeHooks/WP]: ID Map collection complete world
[27Aug2025 12:12:40.747] [Server thread/DEBUG] [net.minecraftforge.common.ForgeHooks/WP]: Gathering id map for writing to world save world
[27Aug2025 12:12:40.762] [Server thread/DEBUG] [net.minecraftforge.common.ForgeHooks/WP]: ID Map collection complete world
[27Aug2025 12:17:40.749] [Server thread/DEBUG] [net.minecraftforge.common.ForgeHooks/WP]: Gathering id map for writing to world save world
[27Aug2025 12:17:40.762] [Server thread/DEBUG] [net.minecraftforge.common.ForgeHooks/WP]: ID Map collection complete world
[27Aug2025 12:22:40.752] [Server thread/DEBUG] [net.minecraftforge.common.ForgeHooks/WP]: Gathering id map for writing to world save world
[27Aug2025 12:22:40.768] [Server thread/DEBUG] [net.minecraftforge.common.ForgeHooks/WP]: ID Map collection complete world
[27Aug2025 12:27:40.748] [Server thread/DEBUG] [net.minecraftforge.common.ForgeHooks/WP]: Gathering id map for writing to world save world
[27Aug2025 12:27:40.762] [Server thread/DEBUG] [net.minecraftforge.common.ForgeHooks/WP]: ID Map collection complete world
[27Aug2025 12:32:40.809] [Server thread/DEBUG] [net.minecraftforge.common.ForgeHooks/WP]: Gathering id map for writing to world save world
[27Aug2025 12:32:40.892] [Server thread/DEBUG] [net.minecraftforge.common.ForgeHooks/WP]: ID Map collection complete world
[27Aug2025 12:37:40.748] [Server thread/DEBUG] [net.minecraftforge.common.ForgeHooks/WP]: Gathering id map for writing to world save world
[27Aug2025 12:37:40.761] [Server thread/DEBUG] [net.minecraftforge.common.ForgeHooks/WP]: ID Map collection complete world
[27Aug2025 12:42:40.748] [Server thread/DEBUG] [net.minecraftforge.common.ForgeHooks/WP]: Gathering id map for writing to world save world
[27Aug2025 12:42:40.762] [Server thread/DEBUG] [net.minecraftforge.common.ForgeHooks/WP]: ID Map collection complete world
[27Aug2025 12:47:40.747] [Server thread/DEBUG] [net.minecraftforge.common.ForgeHooks/WP]: Gathering id map for writing to world save world
[27Aug2025 12:47:40.761] [Server thread/DEBUG] [net.minecraftforge.common.ForgeHooks/WP]: ID Map collection complete world
[27Aug2025 12:52:40.809] [Server thread/DEBUG] [net.minecraftforge.common.ForgeHooks/WP]: Gathering id map for writing to world save world
[27Aug2025 12:52:40.894] [Server thread/DEBUG] [net.minecraftforge.common.ForgeHooks/WP]: ID Map collection complete world
[27Aug2025 12:57:40.750] [Server thread/DEBUG] [net.minecraftforge.common.ForgeHooks/WP]: Gathering id map for writing to world save world
[27Aug2025 12:57:40.768] [Server thread/DEBUG] [net.minecraftforge.common.ForgeHooks/WP]: ID Map collection complete world
[27Aug2025 13:02:40.774] [Server thread/DEBUG] [net.minecraftforge.common.ForgeHooks/WP]: Gathering id map for writing to world save world
[27Aug2025 13:02:40.787] [Server thread/DEBUG] [net.minecraftforge.common.ForgeHooks/WP]: ID Map collection complete world
[27Aug2025 13:07:40.749] [Server thread/DEBUG] [net.minecraftforge.common.ForgeHooks/WP]: Gathering id map for writing to world save world
[27Aug2025 13:07:40.763] [Server thread/DEBUG] [net.minecraftforge.common.ForgeHooks/WP]: ID Map collection complete world
[27Aug2025 13:12:40.789] [Server thread/DEBUG] [net.minecraftforge.common.ForgeHooks/WP]: Gathering id map for writing to world save world
[27Aug2025 13:12:40.804] [Server thread/DEBUG] [net.minecraftforge.common.ForgeHooks/WP]: ID Map collection complete world
[27Aug2025 13:17:40.748] [Server thread/DEBUG] [net.minecraftforge.common.ForgeHooks/WP]: Gathering id map for writing to world save world
[27Aug2025 13:17:40.760] [Server thread/DEBUG] [net.minecraftforge.common.ForgeHooks/WP]: ID Map collection complete world
[27Aug2025 13:22:40.781] [Server thread/DEBUG] [net.minecraftforge.common.ForgeHooks/WP]: Gathering id map for writing to world save world
[27Aug2025 13:22:40.792] [Server thread/DEBUG] [net.minecraftforge.common.ForgeHooks/WP]: ID Map collection complete world
[27Aug2025 13:27:40.752] [Server thread/DEBUG] [net.minecraftforge.common.ForgeHooks/WP]: Gathering id map for writing to world save world
[27Aug2025 13:27:40.766] [Server thread/DEBUG] [net.minecraftforge.common.ForgeHooks/WP]: ID Map collection complete world
[27Aug2025 13:32:40.795] [Server thread/DEBUG] [net.minecraftforge.common.ForgeHooks/WP]: Gathering id map for writing to world save world
[27Aug2025 13:32:40.808] [Server thread/DEBUG] [net.minecraftforge.common.ForgeHooks/WP]: ID Map collection complete world
[27Aug2025 13:37:40.749] [Server thread/DEBUG] [net.minecraftforge.common.ForgeHooks/WP]: Gathering id map for writing to world save world
[27Aug2025 13:37:40.760] [Server thread/DEBUG] [net.minecraftforge.common.ForgeHooks/WP]: ID Map collection complete world
[27Aug2025 13:42:40.781] [Server thread/DEBUG] [net.minecraftforge.common.ForgeHooks/WP]: Gathering id map for writing to world save world
[27Aug2025 13:42:40.792] [Server thread/DEBUG] [net.minecraftforge.common.ForgeHooks/WP]: ID Map collection complete world
[27Aug2025 13:47:40.748] [Server thread/DEBUG] [net.minecraftforge.common.ForgeHooks/WP]: Gathering id map for writing to world save world
[27Aug2025 13:47:40.762] [Server thread/DEBUG] [net.minecraftforge.common.ForgeHooks/WP]: ID Map collection complete world
[27Aug2025 13:52:40.826] [Server thread/DEBUG] [net.minecraftforge.common.ForgeHooks/WP]: Gathering id map for writing to world save world
[27Aug2025 13:52:40.908] [Server thread/DEBUG] [net.minecraftforge.common.ForgeHooks/WP]: ID Map collection complete world
[27Aug2025 13:57:40.750] [Server thread/DEBUG] [net.minecraftforge.common.ForgeHooks/WP]: Gathering id map for writing to world save world
[27Aug2025 13:57:40.762] [Server thread/DEBUG] [net.minecraftforge.common.ForgeHooks/WP]: ID Map collection complete world
[27Aug2025 14:02:40.807] [Server thread/DEBUG] [net.minecraftforge.common.ForgeHooks/WP]: Gathering id map for writing to world save world
[27Aug2025 14:02:40.851] [Server thread/DEBUG] [net.minecraftforge.common.ForgeHooks/WP]: ID Map collection complete world
[27Aug2025 14:07:40.748] [Server thread/DEBUG] [net.minecraftforge.common.ForgeHooks/WP]: Gathering id map for writing to world save world
[27Aug2025 14:07:40.762] [Server thread/DEBUG] [net.minecraftforge.common.ForgeHooks/WP]: ID Map collection complete world
[27Aug2025 14:12:40.781] [Server thread/DEBUG] [net.minecraftforge.common.ForgeHooks/WP]: Gathering id map for writing to world save world
[27Aug2025 14:12:40.795] [Server thread/DEBUG] [net.minecraftforge.common.ForgeHooks/WP]: ID Map collection complete world
[27Aug2025 14:17:40.750] [Server thread/DEBUG] [net.minecraftforge.common.ForgeHooks/WP]: Gathering id map for writing to world save world
[27Aug2025 14:17:40.763] [Server thread/DEBUG] [net.minecraftforge.common.ForgeHooks/WP]: ID Map collection complete world
[27Aug2025 14:22:40.750] [Server thread/DEBUG] [net.minecraftforge.common.ForgeHooks/WP]: Gathering id map for writing to world save world
[27Aug2025 14:22:40.763] [Server thread/DEBUG] [net.minecraftforge.common.ForgeHooks/WP]: ID Map collection complete world
[27Aug2025 14:27:40.751] [Server thread/DEBUG] [net.minecraftforge.common.ForgeHooks/WP]: Gathering id map for writing to world save world
[27Aug2025 14:27:40.774] [Server thread/DEBUG] [net.minecraftforge.common.ForgeHooks/WP]: ID Map collection complete world
[27Aug2025 14:32:40.801] [Server thread/DEBUG] [net.minecraftforge.common.ForgeHooks/WP]: Gathering id map for writing to world save world
[27Aug2025 14:32:40.873] [Server thread/DEBUG] [net.minecraftforge.common.ForgeHooks/WP]: ID Map collection complete world
[27Aug2025 14:37:40.750] [Server thread/DEBUG] [net.minecraftforge.common.ForgeHooks/WP]: Gathering id map for writing to world save world
[27Aug2025 14:37:40.781] [Server thread/DEBUG] [net.minecraftforge.common.ForgeHooks/WP]: ID Map collection complete world
[27Aug2025 14:42:40.749] [Server thread/DEBUG] [net.minecraftforge.common.ForgeHooks/WP]: Gathering id map for writing to world save world
[27Aug2025 14:42:40.768] [Server thread/DEBUG] [net.minecraftforge.common.ForgeHooks/WP]: ID Map collection complete world
[27Aug2025 14:47:40.752] [Server thread/DEBUG] [net.minecraftforge.common.ForgeHooks/WP]: Gathering id map for writing to world save world
[27Aug2025 14:47:40.775] [Server thread/DEBUG] [net.minecraftforge.common.ForgeHooks/WP]: ID Map collection complete world
[27Aug2025 14:52:40.801] [Server thread/DEBUG] [net.minecraftforge.common.ForgeHooks/WP]: Gathering id map for writing to world save world
[27Aug2025 14:52:40.871] [Server thread/DEBUG] [net.minecraftforge.common.ForgeHooks/WP]: ID Map collection complete world
[27Aug2025 14:57:40.750] [Server thread/DEBUG] [net.minecraftforge.common.ForgeHooks/WP]: Gathering id map for writing to world save world
[27Aug2025 14:57:40.770] [Server thread/DEBUG] [net.minecraftforge.common.ForgeHooks/WP]: ID Map collection complete world
[27Aug2025 15:02:40.801] [Server thread/DEBUG] [net.minecraftforge.common.ForgeHooks/WP]: Gathering id map for writing to world save world
[27Aug2025 15:02:40.840] [Server thread/DEBUG] [net.minecraftforge.common.ForgeHooks/WP]: ID Map collection complete world
[27Aug2025 15:07:40.755] [Server thread/DEBUG] [net.minecraftforge.common.ForgeHooks/WP]: Gathering id map for writing to world save world
[27Aug2025 15:07:40.780] [Server thread/DEBUG] [net.minecraftforge.common.ForgeHooks/WP]: ID Map collection complete world
[27Aug2025 15:12:40.748] [Server thread/DEBUG] [net.minecraftforge.common.ForgeHooks/WP]: Gathering id map for writing to world save world
[27Aug2025 15:12:40.768] [Server thread/DEBUG] [net.minecraftforge.common.ForgeHooks/WP]: ID Map collection complete world
[27Aug2025 15:17:40.748] [Server thread/DEBUG] [net.minecraftforge.common.ForgeHooks/WP]: Gathering id map for writing to world save world
[27Aug2025 15:17:40.762] [Server thread/DEBUG] [net.minecraftforge.common.ForgeHooks/WP]: ID Map collection complete world
[27Aug2025 15:22:40.750] [Server thread/DEBUG] [net.minecraftforge.common.ForgeHooks/WP]: Gathering id map for writing to world save world
[27Aug2025 15:22:40.764] [Server thread/DEBUG] [net.minecraftforge.common.ForgeHooks/WP]: ID Map collection complete world
[27Aug2025 15:27:40.748] [Server thread/DEBUG] [net.minecraftforge.common.ForgeHooks/WP]: Gathering id map for writing to world save world
[27Aug2025 15:27:40.766] [Server thread/DEBUG] [net.minecraftforge.common.ForgeHooks/WP]: ID Map collection complete world
[27Aug2025 15:32:40.754] [Server thread/DEBUG] [net.minecraftforge.common.ForgeHooks/WP]: Gathering id map for writing to world save world
[27Aug2025 15:32:40.781] [Server thread/DEBUG] [net.minecraftforge.common.ForgeHooks/WP]: ID Map collection complete world
[27Aug2025 15:37:40.749] [Server thread/DEBUG] [net.minecraftforge.common.ForgeHooks/WP]: Gathering id map for writing to world save world
[27Aug2025 15:37:40.766] [Server thread/DEBUG] [net.minecraftforge.common.ForgeHooks/WP]: ID Map collection complete world
[27Aug2025 15:42:40.747] [Server thread/DEBUG] [net.minecraftforge.common.ForgeHooks/WP]: Gathering id map for writing to world save world
[27Aug2025 15:42:40.758] [Server thread/DEBUG] [net.minecraftforge.common.ForgeHooks/WP]: ID Map collection complete world
[27Aug2025 15:47:40.749] [Server thread/DEBUG] [net.minecraftforge.common.ForgeHooks/WP]: Gathering id map for writing to world save world
[27Aug2025 15:47:40.761] [Server thread/DEBUG] [net.minecraftforge.common.ForgeHooks/WP]: ID Map collection complete world
[27Aug2025 15:52:40.750] [Server thread/DEBUG] [net.minecraftforge.common.ForgeHooks/WP]: Gathering id map for writing to world save world
[27Aug2025 15:52:40.764] [Server thread/DEBUG] [net.minecraftforge.common.ForgeHooks/WP]: ID Map collection complete world
[27Aug2025 15:57:40.750] [Server thread/DEBUG] [net.minecraftforge.common.ForgeHooks/WP]: Gathering id map for writing to world save world
[27Aug2025 15:57:40.766] [Server thread/DEBUG] [net.minecraftforge.common.ForgeHooks/WP]: ID Map collection complete world
[27Aug2025 16:02:40.752] [Server thread/DEBUG] [net.minecraftforge.common.ForgeHooks/WP]: Gathering id map for writing to world save world
[27Aug2025 16:02:40.764] [Server thread/DEBUG] [net.minecraftforge.common.ForgeHooks/WP]: ID Map collection complete world
[27Aug2025 16:07:40.746] [Server thread/DEBUG] [net.minecraftforge.common.ForgeHooks/WP]: Gathering id map for writing to world save world
[27Aug2025 16:07:40.758] [Server thread/DEBUG] [net.minecraftforge.common.ForgeHooks/WP]: ID Map collection complete world
[27Aug2025 16:12:40.750] [Server thread/DEBUG] [net.minecraftforge.common.ForgeHooks/WP]: Gathering id map for writing to world save world
[27Aug2025 16:12:40.764] [Server thread/DEBUG] [net.minecraftforge.common.ForgeHooks/WP]: ID Map collection complete world
[27Aug2025 16:17:40.750] [Server thread/DEBUG] [net.minecraftforge.common.ForgeHooks/WP]: Gathering id map for writing to world save world
[27Aug2025 16:17:40.772] [Server thread/DEBUG] [net.minecraftforge.common.ForgeHooks/WP]: ID Map collection complete world
[27Aug2025 16:20:27.478] [Netty Epoll Server IO #0/DEBUG] [net.minecraftforge.network.NetworkRegistry/NETREGISTRY]: Channel 'jei:channel' : Vanilla acceptance test: ACCEPTED
[27Aug2025 16:20:27.483] [Netty Epoll Server IO #0/DEBUG] [net.minecraftforge.network.NetworkRegistry/NETREGISTRY]: Channel 'carryon:carryonpackets' : Vanilla acceptance test: REJECTED
[27Aug2025 16:20:27.483] [Netty Epoll Server IO #0/DEBUG] [net.minecraftforge.network.NetworkRegistry/NETREGISTRY]: Channel 'minecraft:unregister' : Vanilla acceptance test: ACCEPTED
[27Aug2025 16:20:27.483] [Netty Epoll Server IO #0/DEBUG] [net.minecraftforge.network.NetworkRegistry/NETREGISTRY]: Channel 'journeymap:version' : Vanilla acceptance test: ACCEPTED
[27Aug2025 16:20:27.484] [Netty Epoll Server IO #0/DEBUG] [net.minecraftforge.network.NetworkRegistry/NETREGISTRY]: Channel 'trade_cycling:cycle_trades' : Vanilla acceptance test: ACCEPTED
[27Aug2025 16:20:27.484] [Netty Epoll Server IO #0/DEBUG] [net.minecraftforge.network.NetworkRegistry/NETREGISTRY]: Channel 'fallingtree:main' : Vanilla acceptance test: ACCEPTED
[27Aug2025 16:20:27.484] [Netty Epoll Server IO #0/DEBUG] [net.minecraftforge.network.NetworkRegistry/NETREGISTRY]: Channel 'tacz:handshake' : Vanilla acceptance test: REJECTED
[27Aug2025 16:20:27.484] [Netty Epoll Server IO #0/DEBUG] [net.minecraftforge.network.NetworkRegistry/NETREGISTRY]: Channel 'worldinfo:world_id' : Vanilla acceptance test: ACCEPTED
[27Aug2025 16:20:27.484] [Netty Epoll Server IO #0/DEBUG] [net.minecraftforge.network.NetworkRegistry/NETREGISTRY]: Channel 'journeymap:admin_req' : Vanilla acceptance test: ACCEPTED
[27Aug2025 16:20:27.484] [Netty Epoll Server IO #0/DEBUG] [net.minecraftforge.network.NetworkRegistry/NETREGISTRY]: Channel 'journeymap:waypoint' : Vanilla acceptance test: ACCEPTED
[27Aug2025 16:20:27.484] [Netty Epoll Server IO #0/DEBUG] [net.minecraftforge.network.NetworkRegistry/NETREGISTRY]: Channel 'journeymap:mp_options_req' : Vanilla acceptance test: ACCEPTED
[27Aug2025 16:20:27.486] [Netty Epoll Server IO #0/DEBUG] [net.minecraftforge.network.NetworkRegistry/NETREGISTRY]: Channel 'fml:loginwrapper' : Vanilla acceptance test: ACCEPTED
[27Aug2025 16:20:27.487] [Netty Epoll Server IO #0/DEBUG] [net.minecraftforge.network.NetworkRegistry/NETREGISTRY]: Channel 'forge:tier_sorting' : Vanilla acceptance test: REJECTED
[27Aug2025 16:20:27.487] [Netty Epoll Server IO #0/DEBUG] [net.minecraftforge.network.NetworkRegistry/NETREGISTRY]: Channel 'fml:play' : Vanilla acceptance test: ACCEPTED
[27Aug2025 16:20:27.487] [Netty Epoll Server IO #0/DEBUG] [net.minecraftforge.network.NetworkRegistry/NETREGISTRY]: Channel 'journeymap:player_loc' : Vanilla acceptance test: ACCEPTED
[27Aug2025 16:20:27.487] [Netty Epoll Server IO #0/DEBUG] [net.minecraftforge.network.NetworkRegistry/NETREGISTRY]: Channel 'journeymap:admin_save' : Vanilla acceptance test: ACCEPTED
[27Aug2025 16:20:27.488] [Netty Epoll Server IO #0/DEBUG] [net.minecraftforge.network.NetworkRegistry/NETREGISTRY]: Channel 'journeymap:teleport_req' : Vanilla acceptance test: ACCEPTED
[27Aug2025 16:20:27.488] [Netty Epoll Server IO #0/DEBUG] [net.minecraftforge.network.NetworkRegistry/NETREGISTRY]: Channel 'fml:handshake' : Vanilla acceptance test: ACCEPTED
[27Aug2025 16:20:27.488] [Netty Epoll Server IO #0/DEBUG] [net.minecraftforge.network.NetworkRegistry/NETREGISTRY]: Channel 'journeymap:common' : Vanilla acceptance test: ACCEPTED
[27Aug2025 16:20:27.488] [Netty Epoll Server IO #0/DEBUG] [net.minecraftforge.network.NetworkRegistry/NETREGISTRY]: Channel 'minecraft:register' : Vanilla acceptance test: ACCEPTED
[27Aug2025 16:20:27.490] [Netty Epoll Server IO #0/DEBUG] [net.minecraftforge.network.NetworkRegistry/NETREGISTRY]: Channel 'forge:split' : Vanilla acceptance test: ACCEPTED
[27Aug2025 16:20:27.491] [Netty Epoll Server IO #0/DEBUG] [net.minecraftforge.network.NetworkRegistry/NETREGISTRY]: Channel 'tacz:network' : Vanilla acceptance test: REJECTED
[27Aug2025 16:20:27.491] [Netty Epoll Server IO #0/DEBUG] [net.minecraftforge.network.NetworkRegistry/NETREGISTRY]: Channel 'journeymap:perm_req' : Vanilla acceptance test: ACCEPTED
[27Aug2025 16:20:27.491] [Netty Epoll Server IO #0/DEBUG] [net.minecraftforge.network.NetworkRegistry/NETREGISTRY]: Channel 'twilightforest:channel' : Vanilla acceptance test: REJECTED
[27Aug2025 16:20:27.491] [Netty Epoll Server IO #0/DEBUG] [net.minecraftforge.network.NetworkRegistry/NETREGISTRY]: Channel 'geckolib:main' : Vanilla acceptance test: REJECTED
[27Aug2025 16:20:27.506] [Netty Epoll Server IO #0/ERROR] [net.minecraftforge.network.NetworkRegistry/NETREGISTRY]: Channels [carryon:carryonpackets,tacz:handshake,forge:tier_sorting,tacz:network,twilightforest:channel,geckolib:main] rejected vanilla connections
[27Aug2025 16:20:27.535] [Netty Epoll Server IO #0/INFO] [net.minecraftforge.server.ServerLifecycleHooks/SERVERHOOKS]: [/51.158.65.133:1001] Disconnecting VANILLA connection attempt: This server has mods that require Forge to be installed on the client. Contact your server admin for more details.
[27Aug2025 16:22:40.748] [Server thread/DEBUG] [net.minecraftforge.common.ForgeHooks/WP]: Gathering id map for writing to world save world
[27Aug2025 16:22:40.760] [Server thread/DEBUG] [net.minecraftforge.common.ForgeHooks/WP]: ID Map collection complete world
[27Aug2025 16:27:31.751] [Netty Epoll Server IO #0/DEBUG] [net.minecraftforge.network.NetworkRegistry/NETREGISTRY]: Channel 'jei:channel' : Vanilla acceptance test: ACCEPTED
[27Aug2025 16:27:31.752] [Netty Epoll Server IO #0/DEBUG] [net.minecraftforge.network.NetworkRegistry/NETREGISTRY]: Channel 'carryon:carryonpackets' : Vanilla acceptance test: REJECTED
[27Aug2025 16:27:31.752] [Netty Epoll Server IO #0/DEBUG] [net.minecraftforge.network.NetworkRegistry/NETREGISTRY]: Channel 'minecraft:unregister' : Vanilla acceptance test: ACCEPTED
[27Aug2025 16:27:31.752] [Netty Epoll Server IO #0/DEBUG] [net.minecraftforge.network.NetworkRegistry/NETREGISTRY]: Channel 'journeymap:version' : Vanilla acceptance test: ACCEPTED
[27Aug2025 16:27:31.752] [Netty Epoll Server IO #0/DEBUG] [net.minecraftforge.network.NetworkRegistry/NETREGISTRY]: Channel 'trade_cycling:cycle_trades' : Vanilla acceptance test: ACCEPTED
[27Aug2025 16:27:31.753] [Netty Epoll Server IO #0/DEBUG] [net.minecraftforge.network.NetworkRegistry/NETREGISTRY]: Channel 'fallingtree:main' : Vanilla acceptance test: ACCEPTED
[27Aug2025 16:27:31.753] [Netty Epoll Server IO #0/DEBUG] [net.minecraftforge.network.NetworkRegistry/NETREGISTRY]: Channel 'tacz:handshake' : Vanilla acceptance test: REJECTED
[27Aug2025 16:27:31.753] [Netty Epoll Server IO #0/DEBUG] [net.minecraftforge.network.NetworkRegistry/NETREGISTRY]: Channel 'worldinfo:world_id' : Vanilla acceptance test: ACCEPTED
[27Aug2025 16:27:31.753] [Netty Epoll Server IO #0/DEBUG] [net.minecraftforge.network.NetworkRegistry/NETREGISTRY]: Channel 'journeymap:admin_req' : Vanilla acceptance test: ACCEPTED
[27Aug2025 16:27:31.753] [Netty Epoll Server IO #0/DEBUG] [net.minecraftforge.network.NetworkRegistry/NETREGISTRY]: Channel 'journeymap:waypoint' : Vanilla acceptance test: ACCEPTED
[27Aug2025 16:27:31.753] [Netty Epoll Server IO #0/DEBUG] [net.minecraftforge.network.NetworkRegistry/NETREGISTRY]: Channel 'journeymap:mp_options_req' : Vanilla acceptance test: ACCEPTED
[27Aug2025 16:27:31.753] [Netty Epoll Server IO #0/DEBUG] [net.minecraftforge.network.NetworkRegistry/NETREGISTRY]: Channel 'fml:loginwrapper' : Vanilla acceptance test: ACCEPTED
[27Aug2025 16:27:31.753] [Netty Epoll Server IO #0/DEBUG] [net.minecraftforge.network.NetworkRegistry/NETREGISTRY]: Channel 'forge:tier_sorting' : Vanilla acceptance test: REJECTED
[27Aug2025 16:27:31.753] [Netty Epoll Server IO #0/DEBUG] [net.minecraftforge.network.NetworkRegistry/NETREGISTRY]: Channel 'fml:play' : Vanilla acceptance test: ACCEPTED
[27Aug2025 16:27:31.753] [Netty Epoll Server IO #0/DEBUG] [net.minecraftforge.network.NetworkRegistry/NETREGISTRY]: Channel 'journeymap:player_loc' : Vanilla acceptance test: ACCEPTED
[27Aug2025 16:27:31.753] [Netty Epoll Server IO #0/DEBUG] [net.minecraftforge.network.NetworkRegistry/NETREGISTRY]: Channel 'journeymap:admin_save' : Vanilla acceptance test: ACCEPTED
[27Aug2025 16:27:31.753] [Netty Epoll Server IO #0/DEBUG] [net.minecraftforge.network.NetworkRegistry/NETREGISTRY]: Channel 'journeymap:teleport_req' : Vanilla acceptance test: ACCEPTED
[27Aug2025 16:27:31.753] [Netty Epoll Server IO #0/DEBUG] [net.minecraftforge.network.NetworkRegistry/NETREGISTRY]: Channel 'fml:handshake' : Vanilla acceptance test: ACCEPTED
[27Aug2025 16:27:31.753] [Netty Epoll Server IO #0/DEBUG] [net.minecraftforge.network.NetworkRegistry/NETREGISTRY]: Channel 'journeymap:common' : Vanilla acceptance test: ACCEPTED
[27Aug2025 16:27:31.753] [Netty Epoll Server IO #0/DEBUG] [net.minecraftforge.network.NetworkRegistry/NETREGISTRY]: Channel 'minecraft:register' : Vanilla acceptance test: ACCEPTED
[27Aug2025 16:27:31.753] [Netty Epoll Server IO #0/DEBUG] [net.minecraftforge.network.NetworkRegistry/NETREGISTRY]: Channel 'forge:split' : Vanilla acceptance test: ACCEPTED
[27Aug2025 16:27:31.753] [Netty Epoll Server IO #0/DEBUG] [net.minecraftforge.network.NetworkRegistry/NETREGISTRY]: Channel 'tacz:network' : Vanilla acceptance test: REJECTED
[27Aug2025 16:27:31.753] [Netty Epoll Server IO #0/DEBUG] [net.minecraftforge.network.NetworkRegistry/NETREGISTRY]: Channel 'journeymap:perm_req' : Vanilla acceptance test: ACCEPTED
[27Aug2025 16:27:31.753] [Netty Epoll Server IO #0/DEBUG] [net.minecraftforge.network.NetworkRegistry/NETREGISTRY]: Channel 'twilightforest:channel' : Vanilla acceptance test: REJECTED
[27Aug2025 16:27:31.753] [Netty Epoll Server IO #0/DEBUG] [net.minecraftforge.network.NetworkRegistry/NETREGISTRY]: Channel 'geckolib:main' : Vanilla acceptance test: REJECTED
[27Aug2025 16:27:31.754] [Netty Epoll Server IO #0/ERROR] [net.minecraftforge.network.NetworkRegistry/NETREGISTRY]: Channels [carryon:carryonpackets,tacz:handshake,forge:tier_sorting,tacz:network,twilightforest:channel,geckolib:main] rejected vanilla connections
[27Aug2025 16:27:31.755] [Netty Epoll Server IO #0/INFO] [net.minecraftforge.server.ServerLifecycleHooks/SERVERHOOKS]: [/51.158.65.133:1001] Disconnecting VANILLA connection attempt: This server has mods that require Forge to be installed on the client. Contact your server admin for more details.
[27Aug2025 16:27:40.746] [Server thread/DEBUG] [net.minecraftforge.common.ForgeHooks/WP]: Gathering id map for writing to world save world
[27Aug2025 16:27:40.758] [Server thread/DEBUG] [net.minecraftforge.common.ForgeHooks/WP]: ID Map collection complete world
[27Aug2025 16:31:02.603] [Netty Epoll Server IO #2/DEBUG] [net.minecraftforge.network.NetworkRegistry/NETREGISTRY]: Channel 'jei:channel' : Vanilla acceptance test: ACCEPTED
[27Aug2025 16:31:02.606] [Netty Epoll Server IO #2/DEBUG] [net.minecraftforge.network.NetworkRegistry/NETREGISTRY]: Channel 'carryon:carryonpackets' : Vanilla acceptance test: REJECTED
[27Aug2025 16:31:02.606] [Netty Epoll Server IO #2/DEBUG] [net.minecraftforge.network.NetworkRegistry/NETREGISTRY]: Channel 'minecraft:unregister' : Vanilla acceptance test: ACCEPTED
[27Aug2025 16:31:02.607] [Netty Epoll Server IO #2/DEBUG] [net.minecraftforge.network.NetworkRegistry/NETREGISTRY]: Channel 'journeymap:version' : Vanilla acceptance test: ACCEPTED
[27Aug2025 16:31:02.607] [Netty Epoll Server IO #2/DEBUG] [net.minecraftforge.network.NetworkRegistry/NETREGISTRY]: Channel 'trade_cycling:cycle_trades' : Vanilla acceptance test: ACCEPTED
[27Aug2025 16:31:02.607] [Netty Epoll Server IO #2/DEBUG] [net.minecraftforge.network.NetworkRegistry/NETREGISTRY]: Channel 'fallingtree:main' : Vanilla acceptance test: ACCEPTED
[27Aug2025 16:31:02.607] [Netty Epoll Server IO #2/DEBUG] [net.minecraftforge.network.NetworkRegistry/NETREGISTRY]: Channel 'tacz:handshake' : Vanilla acceptance test: REJECTED
[27Aug2025 16:31:02.607] [Netty Epoll Server IO #2/DEBUG] [net.minecraftforge.network.NetworkRegistry/NETREGISTRY]: Channel 'worldinfo:world_id' : Vanilla acceptance test: ACCEPTED
[27Aug2025 16:31:02.607] [Netty Epoll Server IO #2/DEBUG] [net.minecraftforge.network.NetworkRegistry/NETREGISTRY]: Channel 'journeymap:admin_req' : Vanilla acceptance test: ACCEPTED
[27Aug2025 16:31:02.607] [Netty Epoll Server IO #2/DEBUG] [net.minecraftforge.network.NetworkRegistry/NETREGISTRY]: Channel 'journeymap:waypoint' : Vanilla acceptance test: ACCEPTED
[27Aug2025 16:31:02.607] [Netty Epoll Server IO #2/DEBUG] [net.minecraftforge.network.NetworkRegistry/NETREGISTRY]: Channel 'journeymap:mp_options_req' : Vanilla acceptance test: ACCEPTED
[27Aug2025 16:31:02.607] [Netty Epoll Server IO #2/DEBUG] [net.minecraftforge.network.NetworkRegistry/NETREGISTRY]: Channel 'fml:loginwrapper' : Vanilla acceptance test: ACCEPTED
[27Aug2025 16:31:02.607] [Netty Epoll Server IO #2/DEBUG] [net.minecraftforge.network.NetworkRegistry/NETREGISTRY]: Channel 'forge:tier_sorting' : Vanilla acceptance test: REJECTED
[27Aug2025 16:31:02.607] [Netty Epoll Server IO #2/DEBUG] [net.minecraftforge.network.NetworkRegistry/NETREGISTRY]: Channel 'fml:play' : Vanilla acceptance test: ACCEPTED
[27Aug2025 16:31:02.607] [Netty Epoll Server IO #2/DEBUG] [net.minecraftforge.network.NetworkRegistry/NETREGISTRY]: Channel 'journeymap:player_loc' : Vanilla acceptance test: ACCEPTED
[27Aug2025 16:31:02.607] [Netty Epoll Server IO #2/DEBUG] [net.minecraftforge.network.NetworkRegistry/NETREGISTRY]: Channel 'journeymap:admin_save' : Vanilla acceptance test: ACCEPTED
[27Aug2025 16:31:02.607] [Netty Epoll Server IO #2/DEBUG] [net.minecraftforge.network.NetworkRegistry/NETREGISTRY]: Channel 'journeymap:teleport_req' : Vanilla acceptance test: ACCEPTED
[27Aug2025 16:31:02.607] [Netty Epoll Server IO #2/DEBUG] [net.minecraftforge.network.NetworkRegistry/NETREGISTRY]: Channel 'fml:handshake' : Vanilla acceptance test: ACCEPTED
[27Aug2025 16:31:02.607] [Netty Epoll Server IO #2/DEBUG] [net.minecraftforge.network.NetworkRegistry/NETREGISTRY]: Channel 'journeymap:common' : Vanilla acceptance test: ACCEPTED
[27Aug2025 16:31:02.607] [Netty Epoll Server IO #2/DEBUG] [net.minecraftforge.network.NetworkRegistry/NETREGISTRY]: Channel 'minecraft:register' : Vanilla acceptance test: ACCEPTED
[27Aug2025 16:31:02.607] [Netty Epoll Server IO #2/DEBUG] [net.minecraftforge.network.NetworkRegistry/NETREGISTRY]: Channel 'forge:split' : Vanilla acceptance test: ACCEPTED
[27Aug2025 16:31:02.607] [Netty Epoll Server IO #2/DEBUG] [net.minecraftforge.network.NetworkRegistry/NETREGISTRY]: Channel 'tacz:network' : Vanilla acceptance test: REJECTED
[27Aug2025 16:31:02.607] [Netty Epoll Server IO #2/DEBUG] [net.minecraftforge.network.NetworkRegistry/NETREGISTRY]: Channel 'journeymap:perm_req' : Vanilla acceptance test: ACCEPTED
[27Aug2025 16:31:02.607] [Netty Epoll Server IO #2/DEBUG] [net.minecraftforge.network.NetworkRegistry/NETREGISTRY]: Channel 'twilightforest:channel' : Vanilla acceptance test: REJECTED
[27Aug2025 16:31:02.607] [Netty Epoll Server IO #2/DEBUG] [net.minecraftforge.network.NetworkRegistry/NETREGISTRY]: Channel 'geckolib:main' : Vanilla acceptance test: REJECTED
[27Aug2025 16:31:02.608] [Netty Epoll Server IO #2/ERROR] [net.minecraftforge.network.NetworkRegistry/NETREGISTRY]: Channels [carryon:carryonpackets,tacz:handshake,forge:tier_sorting,tacz:network,twilightforest:channel,geckolib:main] rejected vanilla connections
[27Aug2025 16:31:02.612] [Netty Epoll Server IO #2/INFO] [net.minecraftforge.server.ServerLifecycleHooks/SERVERHOOKS]: [/51.158.65.133:1001] Disconnecting VANILLA connection attempt: This server has mods that require Forge to be installed on the client. Contact your server admin for more details.
[27Aug2025 16:31:17.993] [Netty Epoll Server IO #3/DEBUG] [net.minecraftforge.network.NetworkRegistry/NETREGISTRY]: Channel 'jei:channel' : Vanilla acceptance test: ACCEPTED
[27Aug2025 16:31:17.993] [Netty Epoll Server IO #3/DEBUG] [net.minecraftforge.network.NetworkRegistry/NETREGISTRY]: Channel 'carryon:carryonpackets' : Vanilla acceptance test: REJECTED
[27Aug2025 16:31:17.994] [Netty Epoll Server IO #3/DEBUG] [net.minecraftforge.network.NetworkRegistry/NETREGISTRY]: Channel 'minecraft:unregister' : Vanilla acceptance test: ACCEPTED
[27Aug2025 16:31:17.994] [Netty Epoll Server IO #3/DEBUG] [net.minecraftforge.network.NetworkRegistry/NETREGISTRY]: Channel 'journeymap:version' : Vanilla acceptance test: ACCEPTED
[27Aug2025 16:31:17.994] [Netty Epoll Server IO #3/DEBUG] [net.minecraftforge.network.NetworkRegistry/NETREGISTRY]: Channel 'trade_cycling:cycle_trades' : Vanilla acceptance test: ACCEPTED
[27Aug2025 16:31:17.994] [Netty Epoll Server IO #3/DEBUG] [net.minecraftforge.network.NetworkRegistry/NETREGISTRY]: Channel 'fallingtree:main' : Vanilla acceptance test: ACCEPTED
[27Aug2025 16:31:17.994] [Netty Epoll Server IO #3/DEBUG] [net.minecraftforge.network.NetworkRegistry/NETREGISTRY]: Channel 'tacz:handshake' : Vanilla acceptance test: REJECTED
[27Aug2025 16:31:17.994] [Netty Epoll Server IO #3/DEBUG] [net.minecraftforge.network.NetworkRegistry/NETREGISTRY]: Channel 'worldinfo:world_id' : Vanilla acceptance test: ACCEPTED
[27Aug2025 16:31:17.994] [Netty Epoll Server IO #3/DEBUG] [net.minecraftforge.network.NetworkRegistry/NETREGISTRY]: Channel 'journeymap:admin_req' : Vanilla acceptance test: ACCEPTED
[27Aug2025 16:31:17.994] [Netty Epoll Server IO #3/DEBUG] [net.minecraftforge.network.NetworkRegistry/NETREGISTRY]: Channel 'journeymap:waypoint' : Vanilla acceptance test: ACCEPTED
[27Aug2025 16:31:17.995] [Netty Epoll Server IO #3/DEBUG] [net.minecraftforge.network.NetworkRegistry/NETREGISTRY]: Channel 'journeymap:mp_options_req' : Vanilla acceptance test: ACCEPTED
[27Aug2025 16:31:17.995] [Netty Epoll Server IO #3/DEBUG] [net.minecraftforge.network.NetworkRegistry/NETREGISTRY]: Channel 'fml:loginwrapper' : Vanilla acceptance test: ACCEPTED
[27Aug2025 16:31:17.995] [Netty Epoll Server IO #3/DEBUG] [net.minecraftforge.network.NetworkRegistry/NETREGISTRY]: Channel 'forge:tier_sorting' : Vanilla acceptance test: REJECTED
[27Aug2025 16:31:17.995] [Netty Epoll Server IO #3/DEBUG] [net.minecraftforge.network.NetworkRegistry/NETREGISTRY]: Channel 'fml:play' : Vanilla acceptance test: ACCEPTED
[27Aug2025 16:31:17.995] [Netty Epoll Server IO #3/DEBUG] [net.minecraftforge.network.NetworkRegistry/NETREGISTRY]: Channel 'journeymap:player_loc' : Vanilla acceptance test: ACCEPTED
[27Aug2025 16:31:17.995] [Netty Epoll Server IO #3/DEBUG] [net.minecraftforge.network.NetworkRegistry/NETREGISTRY]: Channel 'journeymap:admin_save' : Vanilla acceptance test: ACCEPTED
[27Aug2025 16:31:17.995] [Netty Epoll Server IO #3/DEBUG] [net.minecraftforge.network.NetworkRegistry/NETREGISTRY]: Channel 'journeymap:teleport_req' : Vanilla acceptance test: ACCEPTED
[27Aug2025 16:31:17.995] [Netty Epoll Server IO #3/DEBUG] [net.minecraftforge.network.NetworkRegistry/NETREGISTRY]: Channel 'fml:handshake' : Vanilla acceptance test: ACCEPTED
[27Aug2025 16:31:17.995] [Netty Epoll Server IO #3/DEBUG] [net.minecraftforge.network.NetworkRegistry/NETREGISTRY]: Channel 'journeymap:common' : Vanilla acceptance test: ACCEPTED
[27Aug2025 16:31:17.995] [Netty Epoll Server IO #3/DEBUG] [net.minecraftforge.network.NetworkRegistry/NETREGISTRY]: Channel 'minecraft:register' : Vanilla acceptance test: ACCEPTED
[27Aug2025 16:31:17.995] [Netty Epoll Server IO #3/DEBUG] [net.minecraftforge.network.NetworkRegistry/NETREGISTRY]: Channel 'forge:split' : Vanilla acceptance test: ACCEPTED
[27Aug2025 16:31:17.995] [Netty Epoll Server IO #3/DEBUG] [net.minecraftforge.network.NetworkRegistry/NETREGISTRY]: Channel 'tacz:network' : Vanilla acceptance test: REJECTED
[27Aug2025 16:31:17.995] [Netty Epoll Server IO #3/DEBUG] [net.minecraftforge.network.NetworkRegistry/NETREGISTRY]: Channel 'journeymap:perm_req' : Vanilla acceptance test: ACCEPTED
[27Aug2025 16:31:17.995] [Netty Epoll Server IO #3/DEBUG] [net.minecraftforge.network.NetworkRegistry/NETREGISTRY]: Channel 'twilightforest:channel' : Vanilla acceptance test: REJECTED
[27Aug2025 16:31:17.995] [Netty Epoll Server IO #3/DEBUG] [net.minecraftforge.network.NetworkRegistry/NETREGISTRY]: Channel 'geckolib:main' : Vanilla acceptance test: REJECTED
[27Aug2025 16:31:17.995] [Netty Epoll Server IO #3/ERROR] [net.minecraftforge.network.NetworkRegistry/NETREGISTRY]: Channels [carryon:carryonpackets,tacz:handshake,forge:tier_sorting,tacz:network,twilightforest:channel,geckolib:main] rejected vanilla connections
[27Aug2025 16:31:17.997] [Netty Epoll Server IO #3/INFO] [net.minecraftforge.server.ServerLifecycleHooks/SERVERHOOKS]: [/51.158.65.133:1001] Disconnecting VANILLA connection attempt: This server has mods that require Forge to be installed on the client. Contact your server admin for more details.
[27Aug2025 16:32:40.788] [Server thread/DEBUG] [net.minecraftforge.common.ForgeHooks/WP]: Gathering id map for writing to world save world
[27Aug2025 16:32:40.803] [Server thread/DEBUG] [net.minecraftforge.common.ForgeHooks/WP]: ID Map collection complete world
[27Aug2025 16:33:27.470] [Netty Epoll Server IO #1/DEBUG] [net.minecraftforge.network.NetworkRegistry/NETREGISTRY]: Channel 'jei:channel' : Vanilla acceptance test: ACCEPTED
[27Aug2025 16:33:27.470] [Netty Epoll Server IO #1/DEBUG] [net.minecraftforge.network.NetworkRegistry/NETREGISTRY]: Channel 'carryon:carryonpackets' : Vanilla acceptance test: REJECTED
[27Aug2025 16:33:27.470] [Netty Epoll Server IO #1/DEBUG] [net.minecraftforge.network.NetworkRegistry/NETREGISTRY]: Channel 'minecraft:unregister' : Vanilla acceptance test: ACCEPTED
[27Aug2025 16:33:27.470] [Netty Epoll Server IO #1/DEBUG] [net.minecraftforge.network.NetworkRegistry/NETREGISTRY]: Channel 'journeymap:version' : Vanilla acceptance test: ACCEPTED
[27Aug2025 16:33:27.470] [Netty Epoll Server IO #1/DEBUG] [net.minecraftforge.network.NetworkRegistry/NETREGISTRY]: Channel 'trade_cycling:cycle_trades' : Vanilla acceptance test: ACCEPTED
[27Aug2025 16:33:27.470] [Netty Epoll Server IO #1/DEBUG] [net.minecraftforge.network.NetworkRegistry/NETREGISTRY]: Channel 'fallingtree:main' : Vanilla acceptance test: ACCEPTED
[27Aug2025 16:33:27.470] [Netty Epoll Server IO #1/DEBUG] [net.minecraftforge.network.NetworkRegistry/NETREGISTRY]: Channel 'tacz:handshake' : Vanilla acceptance test: REJECTED
[27Aug2025 16:33:27.470] [Netty Epoll Server IO #1/DEBUG] [net.minecraftforge.network.NetworkRegistry/NETREGISTRY]: Channel 'worldinfo:world_id' : Vanilla acceptance test: ACCEPTED
[27Aug2025 16:33:27.470] [Netty Epoll Server IO #1/DEBUG] [net.minecraftforge.network.NetworkRegistry/NETREGISTRY]: Channel 'journeymap:admin_req' : Vanilla acceptance test: ACCEPTED
[27Aug2025 16:33:27.470] [Netty Epoll Server IO #1/DEBUG] [net.minecraftforge.network.NetworkRegistry/NETREGISTRY]: Channel 'journeymap:waypoint' : Vanilla acceptance test: ACCEPTED
[27Aug2025 16:33:27.470] [Netty Epoll Server IO #1/DEBUG] [net.minecraftforge.network.NetworkRegistry/NETREGISTRY]: Channel 'journeymap:mp_options_req' : Vanilla acceptance test: ACCEPTED
[27Aug2025 16:33:27.470] [Netty Epoll Server IO #1/DEBUG] [net.minecraftforge.network.NetworkRegistry/NETREGISTRY]: Channel 'fml:loginwrapper' : Vanilla acceptance test: ACCEPTED
[27Aug2025 16:33:27.470] [Netty Epoll Server IO #1/DEBUG] [net.minecraftforge.network.NetworkRegistry/NETREGISTRY]: Channel 'forge:tier_sorting' : Vanilla acceptance test: REJECTED
[27Aug2025 16:33:27.470] [Netty Epoll Server IO #1/DEBUG] [net.minecraftforge.network.NetworkRegistry/NETREGISTRY]: Channel 'fml:play' : Vanilla acceptance test: ACCEPTED
[27Aug2025 16:33:27.470] [Netty Epoll Server IO #1/DEBUG] [net.minecraftforge.network.NetworkRegistry/NETREGISTRY]: Channel 'journeymap:player_loc' : Vanilla acceptance test: ACCEPTED
[27Aug2025 16:33:27.471] [Netty Epoll Server IO #1/DEBUG] [net.minecraftforge.network.NetworkRegistry/NETREGISTRY]: Channel 'journeymap:admin_save' : Vanilla acceptance test: ACCEPTED
[27Aug2025 16:33:27.471] [Netty Epoll Server IO #1/DEBUG] [net.minecraftforge.network.NetworkRegistry/NETREGISTRY]: Channel 'journeymap:teleport_req' : Vanilla acceptance test: ACCEPTED
[27Aug2025 16:33:27.471] [Netty Epoll Server IO #1/DEBUG] [net.minecraftforge.network.NetworkRegistry/NETREGISTRY]: Channel 'fml:handshake' : Vanilla acceptance test: ACCEPTED
[27Aug2025 16:33:27.471] [Netty Epoll Server IO #1/DEBUG] [net.minecraftforge.network.NetworkRegistry/NETREGISTRY]: Channel 'journeymap:common' : Vanilla acceptance test: ACCEPTED
[27Aug2025 16:33:27.471] [Netty Epoll Server IO #1/DEBUG] [net.minecraftforge.network.NetworkRegistry/NETREGISTRY]: Channel 'minecraft:register' : Vanilla acceptance test: ACCEPTED
[27Aug2025 16:33:27.471] [Netty Epoll Server IO #1/DEBUG] [net.minecraftforge.network.NetworkRegistry/NETREGISTRY]: Channel 'forge:split' : Vanilla acceptance test: ACCEPTED
[27Aug2025 16:33:27.471] [Netty Epoll Server IO #1/DEBUG] [net.minecraftforge.network.NetworkRegistry/NETREGISTRY]: Channel 'tacz:network' : Vanilla acceptance test: REJECTED
[27Aug2025 16:33:27.471] [Netty Epoll Server IO #1/DEBUG] [net.minecraftforge.network.NetworkRegistry/NETREGISTRY]: Channel 'journeymap:perm_req' : Vanilla acceptance test: ACCEPTED
[27Aug2025 16:33:27.471] [Netty Epoll Server IO #1/DEBUG] [net.minecraftforge.network.NetworkRegistry/NETREGISTRY]: Channel 'twilightforest:channel' : Vanilla acceptance test: REJECTED
[27Aug2025 16:33:27.471] [Netty Epoll Server IO #1/DEBUG] [net.minecraftforge.network.NetworkRegistry/NETREGISTRY]: Channel 'geckolib:main' : Vanilla acceptance test: REJECTED
[27Aug2025 16:33:27.472] [Netty Epoll Server IO #1/ERROR] [net.minecraftforge.network.NetworkRegistry/NETREGISTRY]: Channels [carryon:carryonpackets,tacz:handshake,forge:tier_sorting,tacz:network,twilightforest:channel,geckolib:main] rejected vanilla connections
[27Aug2025 16:33:27.474] [Netty Epoll Server IO #1/INFO] [net.minecraftforge.server.ServerLifecycleHooks/SERVERHOOKS]: [/51.158.65.133:1001] Disconnecting VANILLA connection attempt: This server has mods that require Forge to be installed on the client. Contact your server admin for more details.
[27Aug2025 16:37:40.754] [Server thread/DEBUG] [net.minecraftforge.common.ForgeHooks/WP]: Gathering id map for writing to world save world
[27Aug2025 16:37:40.767] [Server thread/DEBUG] [net.minecraftforge.common.ForgeHooks/WP]: ID Map collection complete world
[27Aug2025 16:42:40.748] [Server thread/DEBUG] [net.minecraftforge.common.ForgeHooks/WP]: Gathering id map for writing to world save world
[27Aug2025 16:42:40.761] [Server thread/DEBUG] [net.minecraftforge.common.ForgeHooks/WP]: ID Map collection complete world
[27Aug2025 16:47:40.746] [Server thread/DEBUG] [net.minecraftforge.common.ForgeHooks/WP]: Gathering id map for writing to world save world
[27Aug2025 16:47:40.758] [Server thread/DEBUG] [net.minecraftforge.common.ForgeHooks/WP]: ID Map collection complete world
[27Aug2025 16:52:40.751] [Server thread/DEBUG] [net.minecraftforge.common.ForgeHooks/WP]: Gathering id map for writing to world save world
[27Aug2025 16:52:40.764] [Server thread/DEBUG] [net.minecraftforge.common.ForgeHooks/WP]: ID Map collection complete world
[27Aug2025 16:57:40.754] [Server thread/DEBUG] [net.minecraftforge.common.ForgeHooks/WP]: Gathering id map for writing to world save world
[27Aug2025 16:57:40.775] [Server thread/DEBUG] [net.minecraftforge.common.ForgeHooks/WP]: ID Map collection complete world
[27Aug2025 17:01:18.910] [Netty Epoll Server IO #1/DEBUG] [net.minecraftforge.network.NetworkRegistry/NETREGISTRY]: Channel 'jei:channel' : Vanilla acceptance test: ACCEPTED
[27Aug2025 17:01:18.911] [Netty Epoll Server IO #1/DEBUG] [net.minecraftforge.network.NetworkRegistry/NETREGISTRY]: Channel 'carryon:carryonpackets' : Vanilla acceptance test: REJECTED
[27Aug2025 17:01:18.911] [Netty Epoll Server IO #1/DEBUG] [net.minecraftforge.network.NetworkRegistry/NETREGISTRY]: Channel 'minecraft:unregister' : Vanilla acceptance test: ACCEPTED
[27Aug2025 17:01:18.911] [Netty Epoll Server IO #1/DEBUG] [net.minecraftforge.network.NetworkRegistry/NETREGISTRY]: Channel 'journeymap:version' : Vanilla acceptance test: ACCEPTED
[27Aug2025 17:01:18.911] [Netty Epoll Server IO #1/DEBUG] [net.minecraftforge.network.NetworkRegistry/NETREGISTRY]: Channel 'trade_cycling:cycle_trades' : Vanilla acceptance test: ACCEPTED
[27Aug2025 17:01:18.911] [Netty Epoll Server IO #1/DEBUG] [net.minecraftforge.network.NetworkRegistry/NETREGISTRY]: Channel 'fallingtree:main' : Vanilla acceptance test: ACCEPTED
[27Aug2025 17:01:18.911] [Netty Epoll Server IO #1/DEBUG] [net.minecraftforge.network.NetworkRegistry/NETREGISTRY]: Channel 'tacz:handshake' : Vanilla acceptance test: REJECTED
[27Aug2025 17:01:18.911] [Netty Epoll Server IO #1/DEBUG] [net.minecraftforge.network.NetworkRegistry/NETREGISTRY]: Channel 'worldinfo:world_id' : Vanilla acceptance test: ACCEPTED
[27Aug2025 17:01:18.911] [Netty Epoll Server IO #1/DEBUG] [net.minecraftforge.network.NetworkRegistry/NETREGISTRY]: Channel 'journeymap:admin_req' : Vanilla acceptance test: ACCEPTED
[27Aug2025 17:01:18.911] [Netty Epoll Server IO #1/DEBUG] [net.minecraftforge.network.NetworkRegistry/NETREGISTRY]: Channel 'journeymap:waypoint' : Vanilla acceptance test: ACCEPTED
[27Aug2025 17:01:18.911] [Netty Epoll Server IO #1/DEBUG] [net.minecraftforge.network.NetworkRegistry/NETREGISTRY]: Channel 'journeymap:mp_options_req' : Vanilla acceptance test: ACCEPTED
[27Aug2025 17:01:18.911] [Netty Epoll Server IO #1/DEBUG] [net.minecraftforge.network.NetworkRegistry/NETREGISTRY]: Channel 'fml:loginwrapper' : Vanilla acceptance test: ACCEPTED
[27Aug2025 17:01:18.911] [Netty Epoll Server IO #1/DEBUG] [net.minecraftforge.network.NetworkRegistry/NETREGISTRY]: Channel 'forge:tier_sorting' : Vanilla acceptance test: REJECTED
[27Aug2025 17:01:18.912] [Netty Epoll Server IO #1/DEBUG] [net.minecraftforge.network.NetworkRegistry/NETREGISTRY]: Channel 'fml:play' : Vanilla acceptance test: ACCEPTED
[27Aug2025 17:01:18.912] [Netty Epoll Server IO #1/DEBUG] [net.minecraftforge.network.NetworkRegistry/NETREGISTRY]: Channel 'journeymap:player_loc' : Vanilla acceptance test: ACCEPTED
[27Aug2025 17:01:18.912] [Netty Epoll Server IO #1/DEBUG] [net.minecraftforge.network.NetworkRegistry/NETREGISTRY]: Channel 'journeymap:admin_save' : Vanilla acceptance test: ACCEPTED
[27Aug2025 17:01:18.912] [Netty Epoll Server IO #1/DEBUG] [net.minecraftforge.network.NetworkRegistry/NETREGISTRY]: Channel 'journeymap:teleport_req' : Vanilla acceptance test: ACCEPTED
[27Aug2025 17:01:18.912] [Netty Epoll Server IO #1/DEBUG] [net.minecraftforge.network.NetworkRegistry/NETREGISTRY]: Channel 'fml:handshake' : Vanilla acceptance test: ACCEPTED
[27Aug2025 17:01:18.912] [Netty Epoll Server IO #1/DEBUG] [net.minecraftforge.network.NetworkRegistry/NETREGISTRY]: Channel 'journeymap:common' : Vanilla acceptance test: ACCEPTED
[27Aug2025 17:01:18.912] [Netty Epoll Server IO #1/DEBUG] [net.minecraftforge.network.NetworkRegistry/NETREGISTRY]: Channel 'minecraft:register' : Vanilla acceptance test: ACCEPTED
[27Aug2025 17:01:18.912] [Netty Epoll Server IO #1/DEBUG] [net.minecraftforge.network.NetworkRegistry/NETREGISTRY]: Channel 'forge:split' : Vanilla acceptance test: ACCEPTED
[27Aug2025 17:01:18.914] [Netty Epoll Server IO #1/DEBUG] [net.minecraftforge.network.NetworkRegistry/NETREGISTRY]: Channel 'tacz:network' : Vanilla acceptance test: REJECTED
[27Aug2025 17:01:18.914] [Netty Epoll Server IO #1/DEBUG] [net.minecraftforge.network.NetworkRegistry/NETREGISTRY]: Channel 'journeymap:perm_req' : Vanilla acceptance test: ACCEPTED
[27Aug2025 17:01:18.914] [Netty Epoll Server IO #1/DEBUG] [net.minecraftforge.network.NetworkRegistry/NETREGISTRY]: Channel 'twilightforest:channel' : Vanilla acceptance test: REJECTED
[27Aug2025 17:01:18.914] [Netty Epoll Server IO #1/DEBUG] [net.minecraftforge.network.NetworkRegistry/NETREGISTRY]: Channel 'geckolib:main' : Vanilla acceptance test: REJECTED
[27Aug2025 17:01:18.919] [Netty Epoll Server IO #1/ERROR] [net.minecraftforge.network.NetworkRegistry/NETREGISTRY]: Channels [carryon:carryonpackets,tacz:handshake,forge:tier_sorting,tacz:network,twilightforest:channel,geckolib:main] rejected vanilla connections
[27Aug2025 17:01:18.945] [Netty Epoll Server IO #1/INFO] [net.minecraftforge.server.ServerLifecycleHooks/SERVERHOOKS]: [/51.158.65.133:1001] Disconnecting VANILLA connection attempt: This server has mods that require Forge to be installed on the client. Contact your server admin for more details.
[27Aug2025 17:02:40.747] [Server thread/DEBUG] [net.minecraftforge.common.ForgeHooks/WP]: Gathering id map for writing to world save world
[27Aug2025 17:02:40.761] [Server thread/DEBUG] [net.minecraftforge.common.ForgeHooks/WP]: ID Map collection complete world
[27Aug2025 17:07:40.752] [Server thread/DEBUG] [net.minecraftforge.common.ForgeHooks/WP]: Gathering id map for writing to world save world
[27Aug2025 17:07:40.766] [Server thread/DEBUG] [net.minecraftforge.common.ForgeHooks/WP]: ID Map collection complete world
[27Aug2025 17:12:40.748] [Server thread/DEBUG] [net.minecraftforge.common.ForgeHooks/WP]: Gathering id map for writing to world save world
[27Aug2025 17:12:40.764] [Server thread/DEBUG] [net.minecraftforge.common.ForgeHooks/WP]: ID Map collection complete world
[27Aug2025 17:17:40.800] [Server thread/DEBUG] [net.minecraftforge.common.ForgeHooks/WP]: Gathering id map for writing to world save world
[27Aug2025 17:17:40.879] [Server thread/DEBUG] [net.minecraftforge.common.ForgeHooks/WP]: ID Map collection complete world
[27Aug2025 17:22:40.746] [Server thread/DEBUG] [net.minecraftforge.common.ForgeHooks/WP]: Gathering id map for writing to world save world
[27Aug2025 17:22:40.759] [Server thread/DEBUG] [net.minecraftforge.common.ForgeHooks/WP]: ID Map collection complete world
[27Aug2025 17:27:40.747] [Server thread/DEBUG] [net.minecraftforge.common.ForgeHooks/WP]: Gathering id map for writing to world save world
[27Aug2025 17:27:40.760] [Server thread/DEBUG] [net.minecraftforge.common.ForgeHooks/WP]: ID Map collection complete world
[27Aug2025 17:32:40.747] [Server thread/DEBUG] [net.minecraftforge.common.ForgeHooks/WP]: Gathering id map for writing to world save world
[27Aug2025 17:32:40.759] [Server thread/DEBUG] [net.minecraftforge.common.ForgeHooks/WP]: ID Map collection complete world
[27Aug2025 17:37:40.751] [Server thread/DEBUG] [net.minecraftforge.common.ForgeHooks/WP]: Gathering id map for writing to world save world
[27Aug2025 17:37:40.765] [Server thread/DEBUG] [net.minecraftforge.common.ForgeHooks/WP]: ID Map collection complete world
[27Aug2025 17:42:40.755] [Server thread/DEBUG] [net.minecraftforge.common.ForgeHooks/WP]: Gathering id map for writing to world save world
[27Aug2025 17:42:40.786] [Server thread/DEBUG] [net.minecraftforge.common.ForgeHooks/WP]: ID Map collection complete world
[27Aug2025 17:47:40.747] [Server thread/DEBUG] [net.minecraftforge.common.ForgeHooks/WP]: Gathering id map for writing to world save world
[27Aug2025 17:47:40.761] [Server thread/DEBUG] [net.minecraftforge.common.ForgeHooks/WP]: ID Map collection complete world
[27Aug2025 17:52:40.766] [Server thread/DEBUG] [net.minecraftforge.common.ForgeHooks/WP]: Gathering id map for writing to world save world
[27Aug2025 17:52:40.846] [Server thread/DEBUG] [net.minecraftforge.common.ForgeHooks/WP]: ID Map collection complete world
[27Aug2025 17:57:40.749] [Server thread/DEBUG] [net.minecraftforge.common.ForgeHooks/WP]: Gathering id map for writing to world save world
[27Aug2025 17:57:40.761] [Server thread/DEBUG] [net.minecraftforge.common.ForgeHooks/WP]: ID Map collection complete world
[27Aug2025 18:02:40.748] [Server thread/DEBUG] [net.minecraftforge.common.ForgeHooks/WP]: Gathering id map for writing to world save world
[27Aug2025 18:02:40.760] [Server thread/DEBUG] [net.minecraftforge.common.ForgeHooks/WP]: ID Map collection complete world
[27Aug2025 18:07:40.749] [Server thread/DEBUG] [net.minecraftforge.common.ForgeHooks/WP]: Gathering id map for writing to world save world
[27Aug2025 18:07:40.762] [Server thread/DEBUG] [net.minecraftforge.common.ForgeHooks/WP]: ID Map collection complete world
[27Aug2025 18:12:40.749] [Server thread/DEBUG] [net.minecraftforge.common.ForgeHooks/WP]: Gathering id map for writing to world save world
[27Aug2025 18:12:40.760] [Server thread/DEBUG] [net.minecraftforge.common.ForgeHooks/WP]: ID Map collection complete world
[27Aug2025 18:17:40.800] [Server thread/DEBUG] [net.minecraftforge.common.ForgeHooks/WP]: Gathering id map for writing to world save world
[27Aug2025 18:17:40.858] [Server thread/DEBUG] [net.minecraftforge.common.ForgeHooks/WP]: ID Map collection complete world
[27Aug2025 18:22:40.747] [Server thread/DEBUG] [net.minecraftforge.common.ForgeHooks/WP]: Gathering id map for writing to world save world
[27Aug2025 18:22:40.763] [Server thread/DEBUG] [net.minecraftforge.common.ForgeHooks/WP]: ID Map collection complete world
[27Aug2025 18:27:40.789] [Server thread/DEBUG] [net.minecraftforge.common.ForgeHooks/WP]: Gathering id map for writing to world save world
[27Aug2025 18:27:40.866] [Server thread/DEBUG] [net.minecraftforge.common.ForgeHooks/WP]: ID Map collection complete world
[27Aug2025 18:32:40.750] [Server thread/DEBUG] [net.minecraftforge.common.ForgeHooks/WP]: Gathering id map for writing to world save world
[27Aug2025 18:32:40.766] [Server thread/DEBUG] [net.minecraftforge.common.ForgeHooks/WP]: ID Map collection complete world
[27Aug2025 18:37:40.802] [Server thread/DEBUG] [net.minecraftforge.common.ForgeHooks/WP]: Gathering id map for writing to world save world
[27Aug2025 18:37:40.883] [Server thread/DEBUG] [net.minecraftforge.common.ForgeHooks/WP]: ID Map collection complete world
[27Aug2025 18:42:40.751] [Server thread/DEBUG] [net.minecraftforge.common.ForgeHooks/WP]: Gathering id map for writing to world save world
[27Aug2025 18:42:40.773] [Server thread/DEBUG] [net.minecraftforge.common.ForgeHooks/WP]: ID Map collection complete world
[27Aug2025 18:47:40.748] [Server thread/DEBUG] [net.minecraftforge.common.ForgeHooks/WP]: Gathering id map for writing to world save world
[27Aug2025 18:47:40.760] [Server thread/DEBUG] [net.minecraftforge.common.ForgeHooks/WP]: ID Map collection complete world
[27Aug2025 18:52:40.784] [Server thread/DEBUG] [net.minecraftforge.common.ForgeHooks/WP]: Gathering id map for writing to world save world
[27Aug2025 18:52:40.817] [Server thread/DEBUG] [net.minecraftforge.common.ForgeHooks/WP]: ID Map collection complete world
[27Aug2025 18:57:40.768] [Server thread/DEBUG] [net.minecraftforge.common.ForgeHooks/WP]: Gathering id map for writing to world save world
[27Aug2025 18:57:40.791] [Server thread/DEBUG] [net.minecraftforge.common.ForgeHooks/WP]: ID Map collection complete world
[27Aug2025 19:02:40.752] [Server thread/DEBUG] [net.minecraftforge.common.ForgeHooks/WP]: Gathering id map for writing to world save world
[27Aug2025 19:02:40.767] [Server thread/DEBUG] [net.minecraftforge.common.ForgeHooks/WP]: ID Map collection complete world
[27Aug2025 19:07:40.750] [Server thread/DEBUG] [net.minecraftforge.common.ForgeHooks/WP]: Gathering id map for writing to world save world
[27Aug2025 19:07:40.764] [Server thread/DEBUG] [net.minecraftforge.common.ForgeHooks/WP]: ID Map collection complete world
[27Aug2025 19:12:40.747] [Server thread/DEBUG] [net.minecraftforge.common.ForgeHooks/WP]: Gathering id map for writing to world save world
[27Aug2025 19:12:40.759] [Server thread/DEBUG] [net.minecraftforge.common.ForgeHooks/WP]: ID Map collection complete world
[27Aug2025 19:17:40.746] [Server thread/DEBUG] [net.minecraftforge.common.ForgeHooks/WP]: Gathering id map for writing to world save world
[27Aug2025 19:17:40.770] [Server thread/DEBUG] [net.minecraftforge.common.ForgeHooks/WP]: ID Map collection complete world
[27Aug2025 19:22:40.749] [Server thread/DEBUG] [net.minecraftforge.common.ForgeHooks/WP]: Gathering id map for writing to world save world
[27Aug2025 19:22:40.760] [Server thread/DEBUG] [net.minecraftforge.common.ForgeHooks/WP]: ID Map collection complete world
[27Aug2025 19:27:40.748] [Server thread/DEBUG] [net.minecraftforge.common.ForgeHooks/WP]: Gathering id map for writing to world save world
[27Aug2025 19:27:40.774] [Server thread/DEBUG] [net.minecraftforge.common.ForgeHooks/WP]: ID Map collection complete world
[27Aug2025 19:32:40.749] [Server thread/DEBUG] [net.minecraftforge.common.ForgeHooks/WP]: Gathering id map for writing to world save world
[27Aug2025 19:32:40.761] [Server thread/DEBUG] [net.minecraftforge.common.ForgeHooks/WP]: ID Map collection complete world
[27Aug2025 19:37:40.754] [Server thread/DEBUG] [net.minecraftforge.common.ForgeHooks/WP]: Gathering id map for writing to world save world
[27Aug2025 19:37:40.767] [Server thread/DEBUG] [net.minecraftforge.common.ForgeHooks/WP]: ID Map collection complete world
[27Aug2025 19:42:40.770] [Server thread/DEBUG] [net.minecraftforge.common.ForgeHooks/WP]: Gathering id map for writing to world save world
[27Aug2025 19:42:40.783] [Server thread/DEBUG] [net.minecraftforge.common.ForgeHooks/WP]: ID Map collection complete world
[27Aug2025 19:47:40.751] [Server thread/DEBUG] [net.minecraftforge.common.ForgeHooks/WP]: Gathering id map for writing to world save world
[27Aug2025 19:47:40.766] [Server thread/DEBUG] [net.minecraftforge.common.ForgeHooks/WP]: ID Map collection complete world
[27Aug2025 19:52:40.771] [Server thread/DEBUG] [net.minecraftforge.common.ForgeHooks/WP]: Gathering id map for writing to world save world
[27Aug2025 19:52:40.789] [Server thread/DEBUG] [net.minecraftforge.common.ForgeHooks/WP]: ID Map collection complete world
[27Aug2025 19:57:40.754] [Server thread/DEBUG] [net.minecraftforge.common.ForgeHooks/WP]: Gathering id map for writing to world save world
[27Aug2025 19:57:40.778] [Server thread/DEBUG] [net.minecraftforge.common.ForgeHooks/WP]: ID Map collection complete world
[27Aug2025 20:02:40.749] [Server thread/DEBUG] [net.minecraftforge.common.ForgeHooks/WP]: Gathering id map for writing to world save world
[27Aug2025 20:02:40.765] [Server thread/DEBUG] [net.minecraftforge.common.ForgeHooks/WP]: ID Map collection complete world
[27Aug2025 20:07:40.750] [Server thread/DEBUG] [net.minecraftforge.common.ForgeHooks/WP]: Gathering id map for writing to world save world
[27Aug2025 20:07:40.777] [Server thread/DEBUG] [net.minecraftforge.common.ForgeHooks/WP]: ID Map collection complete world
[27Aug2025 20:12:40.746] [Server thread/DEBUG] [net.minecraftforge.common.ForgeHooks/WP]: Gathering id map for writing to world save world
[27Aug2025 20:12:40.758] [Server thread/DEBUG] [net.minecraftforge.common.ForgeHooks/WP]: ID Map collection complete world
[27Aug2025 20:17:40.755] [Server thread/DEBUG] [net.minecraftforge.common.ForgeHooks/WP]: Gathering id map for writing to world save world
[27Aug2025 20:17:40.772] [Server thread/DEBUG] [net.minecraftforge.common.ForgeHooks/WP]: ID Map collection complete world
[27Aug2025 20:22:40.746] [Server thread/DEBUG] [net.minecraftforge.common.ForgeHooks/WP]: Gathering id map for writing to world save world
[27Aug2025 20:22:40.757] [Server thread/DEBUG] [net.minecraftforge.common.ForgeHooks/WP]: ID Map collection complete world
[27Aug2025 20:27:40.746] [Server thread/DEBUG] [net.minecraftforge.common.ForgeHooks/WP]: Gathering id map for writing to world save world
[27Aug2025 20:27:40.758] [Server thread/DEBUG] [net.minecraftforge.common.ForgeHooks/WP]: ID Map collection complete world
[27Aug2025 20:32:40.751] [Server thread/DEBUG] [net.minecraftforge.common.ForgeHooks/WP]: Gathering id map for writing to world save world
[27Aug2025 20:32:40.769] [Server thread/DEBUG] [net.minecraftforge.common.ForgeHooks/WP]: ID Map collection complete world
[27Aug2025 20:37:40.759] [Server thread/DEBUG] [net.minecraftforge.common.ForgeHooks/WP]: Gathering id map for writing to world save world
[27Aug2025 20:37:40.780] [Server thread/DEBUG] [net.minecraftforge.common.ForgeHooks/WP]: ID Map collection complete world
[27Aug2025 20:42:40.748] [Server thread/DEBUG] [net.minecraftforge.common.ForgeHooks/WP]: Gathering id map for writing to world save world
[27Aug2025 20:42:40.769] [Server thread/DEBUG] [net.minecraftforge.common.ForgeHooks/WP]: ID Map collection complete world
[27Aug2025 20:47:40.750] [Server thread/DEBUG] [net.minecraftforge.common.ForgeHooks/WP]: Gathering id map for writing to world save world
[27Aug2025 20:47:40.761] [Server thread/DEBUG] [net.minecraftforge.common.ForgeHooks/WP]: ID Map collection complete world
[27Aug2025 20:52:40.747] [Server thread/DEBUG] [net.minecraftforge.common.ForgeHooks/WP]: Gathering id map for writing to world save world
[27Aug2025 20:52:40.759] [Server thread/DEBUG] [net.minecraftforge.common.ForgeHooks/WP]: ID Map collection complete world
[27Aug2025 20:57:40.748] [Server thread/DEBUG] [net.minecraftforge.common.ForgeHooks/WP]: Gathering id map for writing to world save world
[27Aug2025 20:57:40.763] [Server thread/DEBUG] [net.minecraftforge.common.ForgeHooks/WP]: ID Map collection complete world
[27Aug2025 21:02:40.752] [Server thread/DEBUG] [net.minecraftforge.common.ForgeHooks/WP]: Gathering id map for writing to world save world
[27Aug2025 21:02:40.768] [Server thread/DEBUG] [net.minecraftforge.common.ForgeHooks/WP]: ID Map collection complete world
[27Aug2025 21:07:40.751] [Server thread/DEBUG] [net.minecraftforge.common.ForgeHooks/WP]: Gathering id map for writing to world save world
[27Aug2025 21:07:40.764] [Server thread/DEBUG] [net.minecraftforge.common.ForgeHooks/WP]: ID Map collection complete world
[27Aug2025 21:12:40.755] [Server thread/DEBUG] [net.minecraftforge.common.ForgeHooks/WP]: Gathering id map for writing to world save world
[27Aug2025 21:12:40.774] [Server thread/DEBUG] [net.minecraftforge.common.ForgeHooks/WP]: ID Map collection complete world
[27Aug2025 21:17:40.754] [Server thread/DEBUG] [net.minecraftforge.common.ForgeHooks/WP]: Gathering id map for writing to world save world
[27Aug2025 21:17:40.770] [Server thread/DEBUG] [net.minecraftforge.common.ForgeHooks/WP]: ID Map collection complete world
[27Aug2025 21:22:40.758] [Server thread/DEBUG] [net.minecraftforge.common.ForgeHooks/WP]: Gathering id map for writing to world save world
[27Aug2025 21:22:40.777] [Server thread/DEBUG] [net.minecraftforge.common.ForgeHooks/WP]: ID Map collection complete world
[27Aug2025 21:27:40.750] [Server thread/DEBUG] [net.minecraftforge.common.ForgeHooks/WP]: Gathering id map for writing to world save world
[27Aug2025 21:27:40.763] [Server thread/DEBUG] [net.minecraftforge.common.ForgeHooks/WP]: ID Map collection complete world
[27Aug2025 21:32:40.749] [Server thread/DEBUG] [net.minecraftforge.common.ForgeHooks/WP]: Gathering id map for writing to world save world
[27Aug2025 21:32:40.762] [Server thread/DEBUG] [net.minecraftforge.common.ForgeHooks/WP]: ID Map collection complete world
[27Aug2025 21:37:40.747] [Server thread/DEBUG] [net.minecraftforge.common.ForgeHooks/WP]: Gathering id map for writing to world save world
[27Aug2025 21:37:40.762] [Server thread/DEBUG] [net.minecraftforge.common.ForgeHooks/WP]: ID Map collection complete world
[27Aug2025 21:42:40.776] [Server thread/DEBUG] [net.minecraftforge.common.ForgeHooks/WP]: Gathering id map for writing to world save world
[27Aug2025 21:42:40.799] [Server thread/DEBUG] [net.minecraftforge.common.ForgeHooks/WP]: ID Map collection complete world
[27Aug2025 21:47:40.747] [Server thread/DEBUG] [net.minecraftforge.common.ForgeHooks/WP]: Gathering id map for writing to world save world
[27Aug2025 21:47:40.760] [Server thread/DEBUG] [net.minecraftforge.common.ForgeHooks/WP]: ID Map collection complete world
[27Aug2025 21:52:40.750] [Server thread/DEBUG] [net.minecraftforge.common.ForgeHooks/WP]: Gathering id map for writing to world save world
[27Aug2025 21:52:40.765] [Server thread/DEBUG] [net.minecraftforge.common.ForgeHooks/WP]: ID Map collection complete world
[27Aug2025 21:57:40.749] [Server thread/DEBUG] [net.minecraftforge.common.ForgeHooks/WP]: Gathering id map for writing to world save world
[27Aug2025 21:57:40.762] [Server thread/DEBUG] [net.minecraftforge.common.ForgeHooks/WP]: ID Map collection complete world
[27Aug2025 22:02:40.808] [Server thread/DEBUG] [net.minecraftforge.common.ForgeHooks/WP]: Gathering id map for writing to world save world
[27Aug2025 22:02:40.900] [Server thread/DEBUG] [net.minecraftforge.common.ForgeHooks/WP]: ID Map collection complete world
[27Aug2025 22:07:40.749] [Server thread/DEBUG] [net.minecraftforge.common.ForgeHooks/WP]: Gathering id map for writing to world save world
[27Aug2025 22:07:40.760] [Server thread/DEBUG] [net.minecraftforge.common.ForgeHooks/WP]: ID Map collection complete world
[27Aug2025 22:12:40.792] [Server thread/DEBUG] [net.minecraftforge.common.ForgeHooks/WP]: Gathering id map for writing to world save world
[27Aug2025 22:12:40.803] [Server thread/DEBUG] [net.minecraftforge.common.ForgeHooks/WP]: ID Map collection complete world
[27Aug2025 22:17:40.745] [Server thread/DEBUG] [net.minecraftforge.common.ForgeHooks/WP]: Gathering id map for writing to world save world
[27Aug2025 22:17:40.757] [Server thread/DEBUG] [net.minecraftforge.common.ForgeHooks/WP]: ID Map collection complete world
[27Aug2025 22:22:40.755] [Server thread/DEBUG] [net.minecraftforge.common.ForgeHooks/WP]: Gathering id map for writing to world save world
[27Aug2025 22:22:40.770] [Server thread/DEBUG] [net.minecraftforge.common.ForgeHooks/WP]: ID Map collection complete world
[27Aug2025 22:27:40.747] [Server thread/DEBUG] [net.minecraftforge.common.ForgeHooks/WP]: Gathering id map for writing to world save world
[27Aug2025 22:27:40.771] [Server thread/DEBUG] [net.minecraftforge.common.ForgeHooks/WP]: ID Map collection complete world
[27Aug2025 22:32:40.747] [Server thread/DEBUG] [net.minecraftforge.common.ForgeHooks/WP]: Gathering id map for writing to world save world
[27Aug2025 22:32:40.768] [Server thread/DEBUG] [net.minecraftforge.common.ForgeHooks/WP]: ID Map collection complete world
[27Aug2025 22:37:40.754] [Server thread/DEBUG] [net.minecraftforge.common.ForgeHooks/WP]: Gathering id map for writing to world save world
[27Aug2025 22:37:40.766] [Server thread/DEBUG] [net.minecraftforge.common.ForgeHooks/WP]: ID Map collection complete world
[27Aug2025 22:42:40.752] [Server thread/DEBUG] [net.minecraftforge.common.ForgeHooks/WP]: Gathering id map for writing to world save world
[27Aug2025 22:42:40.763] [Server thread/DEBUG] [net.minecraftforge.common.ForgeHooks/WP]: ID Map collection complete world
[27Aug2025 22:47:40.749] [Server thread/DEBUG] [net.minecraftforge.common.ForgeHooks/WP]: Gathering id map for writing to world save world
[27Aug2025 22:47:40.761] [Server thread/DEBUG] [net.minecraftforge.common.ForgeHooks/WP]: ID Map collection complete world
[27Aug2025 22:52:40.753] [Server thread/DEBUG] [net.minecraftforge.common.ForgeHooks/WP]: Gathering id map for writing to world save world
[27Aug2025 22:52:40.776] [Server thread/DEBUG] [net.minecraftforge.common.ForgeHooks/WP]: ID Map collection complete world
[27Aug2025 22:57:40.797] [Server thread/DEBUG] [net.minecraftforge.common.ForgeHooks/WP]: Gathering id map for writing to world save world
[27Aug2025 22:57:40.855] [Server thread/DEBUG] [net.minecraftforge.common.ForgeHooks/WP]: ID Map collection complete world
[27Aug2025 23:02:40.759] [Server thread/DEBUG] [net.minecraftforge.common.ForgeHooks/WP]: Gathering id map for writing to world save world
[27Aug2025 23:02:40.772] [Server thread/DEBUG] [net.minecraftforge.common.ForgeHooks/WP]: ID Map collection complete world
[27Aug2025 23:07:40.749] [Server thread/DEBUG] [net.minecraftforge.common.ForgeHooks/WP]: Gathering id map for writing to world save world
[27Aug2025 23:07:40.763] [Server thread/DEBUG] [net.minecraftforge.common.ForgeHooks/WP]: ID Map collection complete world
[27Aug2025 23:12:40.758] [Server thread/DEBUG] [net.minecraftforge.common.ForgeHooks/WP]: Gathering id map for writing to world save world
[27Aug2025 23:12:40.771] [Server thread/DEBUG] [net.minecraftforge.common.ForgeHooks/WP]: ID Map collection complete world
[27Aug2025 23:17:40.747] [Server thread/DEBUG] [net.minecraftforge.common.ForgeHooks/WP]: Gathering id map for writing to world save world
[27Aug2025 23:17:40.759] [Server thread/DEBUG] [net.minecraftforge.common.ForgeHooks/WP]: ID Map collection complete world
[27Aug2025 23:22:40.806] [Server thread/DEBUG] [net.minecraftforge.common.ForgeHooks/WP]: Gathering id map for writing to world save world
[27Aug2025 23:22:40.887] [Server thread/DEBUG] [net.minecraftforge.common.ForgeHooks/WP]: ID Map collection complete world
[27Aug2025 23:27:40.749] [Server thread/DEBUG] [net.minecraftforge.common.ForgeHooks/WP]: Gathering id map for writing to world save world
[27Aug2025 23:27:40.776] [Server thread/DEBUG] [net.minecraftforge.common.ForgeHooks/WP]: ID Map collection complete world
[27Aug2025 23:32:40.800] [Server thread/DEBUG] [net.minecraftforge.common.ForgeHooks/WP]: Gathering id map for writing to world save world
[27Aug2025 23:32:40.879] [Server thread/DEBUG] [net.minecraftforge.common.ForgeHooks/WP]: ID Map collection complete world
[27Aug2025 23:37:40.746] [Server thread/DEBUG] [net.minecraftforge.common.ForgeHooks/WP]: Gathering id map for writing to world save world
[27Aug2025 23:37:40.759] [Server thread/DEBUG] [net.minecraftforge.common.ForgeHooks/WP]: ID Map collection complete world
[27Aug2025 23:42:40.797] [Server thread/DEBUG] [net.minecraftforge.common.ForgeHooks/WP]: Gathering id map for writing to world save world
[27Aug2025 23:42:40.877] [Server thread/DEBUG] [net.minecraftforge.common.ForgeHooks/WP]: ID Map collection complete world
[27Aug2025 23:47:40.750] [Server thread/DEBUG] [net.minecraftforge.common.ForgeHooks/WP]: Gathering id map for writing to world save world
[27Aug2025 23:47:40.776] [Server thread/DEBUG] [net.minecraftforge.common.ForgeHooks/WP]: ID Map collection complete world
[27Aug2025 23:52:40.797] [Server thread/DEBUG] [net.minecraftforge.common.ForgeHooks/WP]: Gathering id map for writing to world save world
[27Aug2025 23:52:40.852] [Server thread/DEBUG] [net.minecraftforge.common.ForgeHooks/WP]: ID Map collection complete world
[27Aug2025 23:57:40.749] [Server thread/DEBUG] [net.minecraftforge.common.ForgeHooks/WP]: Gathering id map for writing to world save world
[27Aug2025 23:57:40.761] [Server thread/DEBUG] [net.minecraftforge.common.ForgeHooks/WP]: ID Map collection complete world
[28Aug2025 00:00:02.734] [Server thread/INFO] [net.minecraft.server.MinecraftServer/]: Stopping the server
[28Aug2025 00:00:02.926] [Server thread/INFO] [net.minecraft.server.MinecraftServer/]: Stopping server
[28Aug2025 00:00:02.943] [Server thread/INFO] [net.minecraft.server.MinecraftServer/]: Saving players
[28Aug2025 00:00:02.944] [Server thread/INFO] [net.minecraft.server.MinecraftServer/]: Saving worlds
[28Aug2025 00:00:05.506] [Server thread/INFO] [net.minecraft.server.MinecraftServer/]: Saving chunks for level 'ServerLevel[world]'/minecraft:overworld
[28Aug2025 00:00:05.791] [Server thread/INFO] [net.minecraft.server.MinecraftServer/]: Saving chunks for level 'ServerLevel[world]'/twilightforest:twilight_forest
[28Aug2025 00:00:05.799] [Server thread/INFO] [net.minecraft.server.MinecraftServer/]: Saving chunks for level 'ServerLevel[world]'/minecraft:the_end
[28Aug2025 00:00:05.803] [Server thread/INFO] [net.minecraft.server.MinecraftServer/]: Saving chunks for level 'ServerLevel[world]'/minecraft:the_nether
[28Aug2025 00:00:05.809] [Server thread/DEBUG] [net.minecraftforge.common.ForgeHooks/WP]: Gathering id map for writing to world save world
[28Aug2025 00:00:05.827] [Server thread/DEBUG] [net.minecraftforge.common.ForgeHooks/WP]: ID Map collection complete world
[28Aug2025 00:00:05.853] [Server thread/INFO] [net.minecraft.server.MinecraftServer/]: ThreadedAnvilChunkStorage (world): All chunks are saved
[28Aug2025 00:00:05.854] [Server thread/INFO] [net.minecraft.server.MinecraftServer/]: ThreadedAnvilChunkStorage (twilight_forest): All chunks are saved
[28Aug2025 00:00:05.855] [Server thread/INFO] [net.minecraft.server.MinecraftServer/]: ThreadedAnvilChunkStorage (DIM1): All chunks are saved
[28Aug2025 00:00:05.855] [Server thread/INFO] [net.minecraft.server.MinecraftServer/]: ThreadedAnvilChunkStorage (DIM-1): All chunks are saved
[28Aug2025 00:00:05.856] [Server thread/INFO] [net.minecraft.server.MinecraftServer/]: ThreadedAnvilChunkStorage: All dimensions are saved
[28Aug2025 00:00:05.918] [Server thread/DEBUG] [net.minecraftforge.fml.config.ConfigTracker/CONFIG]: Unloading configs type SERVER
[28Aug2025 00:00:05.939] [Server thread/INFO] [journeymap/]: Loading JourneyMap Forge Configs
